nacionalidad,edad,ingreso_anual,visitas_previas,dias_estancia,tiene_hijos,estado_civil,canal_contacto,calificacion_presentacion,oferta_especial,compro_membresia
Estadounidense,31,61934,2,10,1,Divorciado,Presencial,5,0,1
Británico,32,105231,0,7,1,Casado,Telefónico,3,0,0
Español,39,18198,0,5,0,Casado,Online,1,1,0
Colombiano,46,54354,2,7,0,Divorciado,Online,1,1,0
Mexicano,52,67810,2,5,0,Soltero,Presencial,5,0,1
Mexicano,32,57461,0,7,0,Soltero,Referido,4,0,1
Mexicano,59,52737,1,5,0,Soltero,Presencial,4,0,0
Alemán,38,29015,4,4,0,Divorciado,Telefónico,3,0,0
Colombiano,41,59655,1,6,1,Soltero,Referido,3,0,1
Argentino,33,39864,1,5,0,Divorciado,Telefónico,5,1,1
Mexicano,18,15000,1,14,1,Casado,Referido,1,1,1
Británico,52,78891,0,4,1,Soltero,Telefónico,4,1,1
Brasileño,50,74167,1,10,1,Casado,Presencial,3,0,1
Mexicano,38,56033,1,10,1,Soltero,Presencial,1,1,1
Mexicano,42,59581,1,4,0,Casado,Presencial,4,1,0
Mexicano,48,76486,2,7,0,Casado,Presencial,3,0,1
Estadounidense,23,59486,1,5,1,Casado,Telefónico,4,0,0
Canadiense,35,73080,2,10,1,Soltero,Presencial,4,1,1
Canadiense,51,49050,1,5,1,Casado,Telefónico,4,1,1
Estadounidense,26,81239,2,6,1,Divorciado,Online,4,0,1
Colombiano,45,61415,0,5,1,Casado,Online,4,1,0
Mexicano,25,58881,0,4,1,Divorciado,Referido,3,1,1
Estadounidense,47,29598,2,4,1,Soltero,Presencial,4,1,1
Estadounidense,41,60739,1,5,0,Divorciado,Telefónico,4,0,0
Canadiense,22,38360,1,7,0,Casado,Telefónico,1,1,0
Brasileño,55,42234,0,6,1,Soltero,Presencial,5,0,0
Mexicano,33,38692,1,6,1,Divorciado,Online,4,1,0
Canadiense,32,33675,0,4,1,Divorciado,Online,5,1,0
Colombiano,44,97495,2,5,0,Casado,Telefónico,5,0,1
Mexicano,55,81626,0,3,1,Soltero,Online,3,1,1
Colombiano,29,93407,0,7,0,Casado,Online,4,0,0
Mexicano,42,30542,0,14,1,Casado,Telefónico,3,1,1
Mexicano,47,56425,2,5,0,Divorciado,Presencial,3,0,1
Francés,50,29129,2,3,0,Soltero,Telefónico,5,1,0
Británico,44,41086,3,4,0,Divorciado,Referido,4,0,1
Brasileño,37,36637,3,6,0,Casado,Referido,2,1,1
Estadounidense,32,79791,2,6,1,Divorciado,Telefónico,4,1,1
Mexicano,43,47075,1,7,0,Divorciado,Online,5,1,0
Argentino,29,76367,0,4,0,Casado,Referido,4,0,1
Canadiense,18,67082,2,7,1,Casado,Online,4,1,1
Mexicano,47,101072,2,6,1,Divorciado,Online,4,0,1
Canadiense,52,25411,3,4,0,Casado,Presencial,3,1,1
Mexicano,18,80184,1,5,0,Casado,Referido,3,1,1
Francés,29,77928,1,3,1,Casado,Telefónico,4,1,1
Estadounidense,49,35532,1,5,1,Soltero,Telefónico,3,1,1
Argentino,66,75142,3,10,0,Divorciado,Presencial,4,0,1
Estadounidense,42,61722,1,5,1,Soltero,Telefónico,4,1,1
Canadiense,33,50450,1,7,0,Divorciado,Telefónico,4,0,1
Colombiano,39,38521,2,5,0,Casado,Telefónico,3,1,1
Mexicano,58,40617,2,4,1,Casado,Presencial,2,1,0
Británico,34,95996,1,5,1,Casado,Online,3,1,0
Español,32,55013,1,5,0,Casado,Presencial,4,1,1
Francés,36,70642,3,5,1,Casado,Online,3,0,1
Alemán,30,39182,2,3,0,Casado,Presencial,4,1,1
Colombiano,43,39402,0,5,0,Casado,Presencial,1,0,0
Francés,61,76639,2,3,0,Divorciado,Presencial,4,1,0
Mexicano,45,28008,1,3,0,Casado,Presencial,3,1,0
Mexicano,38,46695,3,5,1,Casado,Presencial,4,0,1
Mexicano,38,55680,1,4,1,Casado,Referido,3,0,1
Estadounidense,23,57227,2,10,0,Soltero,Online,3,0,0
Estadounidense,52,51418,0,5,1,Casado,Online,5,1,0
Estadounidense,41,62916,2,7,1,Casado,Online,2,0,1
Brasileño,39,68857,2,5,1,Casado,Online,4,1,1
Estadounidense,75,69692,1,6,1,Casado,Referido,5,1,1
Estadounidense,45,35283,0,4,0,Casado,Presencial,4,0,1
Colombiano,32,49316,2,10,1,Soltero,Presencial,5,0,1
Mexicano,36,78895,3,5,1,Casado,Referido,2,1,1
Brasileño,55,72892,0,7,1,Divorciado,Online,3,0,0
Mexicano,43,27542,1,5,1,Casado,Presencial,3,1,0
Británico,24,62029,1,3,0,Casado,Presencial,1,0,1
Español,53,15435,0,6,1,Soltero,Presencial,3,0,0
Mexicano,33,55938,1,3,0,Divorciado,Referido,3,1,1
Mexicano,64,92955,2,5,0,Casado,Presencial,4,0,1
Brasileño,54,36042,0,4,0,Casado,Referido,5,1,0
Argentino,36,38313,1,6,1,Viudo,Referido,1,1,1
Español,57,70280,2,14,0,Casado,Online,3,0,0
Español,42,24143,3,5,1,Casado,Presencial,3,0,1
Mexicano,52,42344,0,7,0,Casado,Presencial,3,0,1
Estadounidense,47,66928,1,5,1,Soltero,Online,4,0,1
Mexicano,31,42314,2,5,0,Casado,Online,3,1,1
Alemán,34,50280,2,10,1,Soltero,Online,1,1,1
Colombiano,54,69883,1,10,1,Casado,Online,4,0,1
Estadounidense,37,63430,1,7,1,Soltero,Referido,5,0,1
Mexicano,37,60336,1,4,0,Divorciado,Online,4,0,0
Estadounidense,30,48217,2,5,1,Soltero,Telefónico,4,0,0
Estadounidense,47,62401,2,4,1,Casado,Referido,2,1,0
Español,66,52525,1,5,1,Casado,Presencial,2,1,0
Argentino,29,64156,0,5,0,Casado,Presencial,2,0,0
Alemán,42,45061,2,7,1,Casado,Presencial,3,0,1
Canadiense,58,51348,3,10,0,Casado,Presencial,5,1,1
Mexicano,41,35200,1,5,1,Casado,Online,4,0,1
Español,47,54299,1,3,1,Casado,Presencial,2,1,0
Español,29,38779,0,7,0,Casado,Online,3,0,1
Colombiano,47,32719,2,4,1,Casado,Referido,3,1,1
Español,39,60173,0,6,1,Soltero,Presencial,4,1,0
Canadiense,53,59254,1,3,1,Viudo,Online,3,0,1
Canadiense,56,70657,1,5,0,Casado,Presencial,3,1,0
Estadounidense,73,46377,0,14,1,Soltero,Presencial,4,1,1
Mexicano,48,63161,1,3,1,Casado,Online,2,0,1
Mexicano,45,66015,1,5,0,Divorciado,Referido,1,0,0
Mexicano,44,63895,2,4,0,Soltero,Online,1,1,0
Argentino,37,38486,2,10,1,Casado,Presencial,3,1,1
Estadounidense,46,57987,0,7,0,Casado,Online,1,1,0
Canadiense,38,62282,2,4,1,Soltero,Presencial,3,1,0
Francés,44,55143,0,3,0,Divorciado,Presencial,4,1,1
Mexicano,57,15000,0,6,0,Casado,Online,4,1,1
Estadounidense,29,58209,1,4,1,Casado,Presencial,4,1,1
Español,55,99250,1,6,1,Divorciado,Online,5,0,1
Mexicano,57,47799,0,3,1,Casado,Online,3,1,1
Mexicano,40,40438,3,3,1,Divorciado,Online,5,0,1
Estadounidense,18,62466,0,6,1,Casado,Presencial,3,0,1
Mexicano,34,61247,1,4,0,Casado,Referido,3,1,0
Francés,57,78854,1,7,1,Divorciado,Online,3,0,1
Brasileño,41,29842,1,3,0,Soltero,Telefónico,1,0,0
Argentino,30,69627,1,4,1,Casado,Presencial,5,0,0
Alemán,35,66808,1,14,0,Casado,Online,2,1,0
Brasileño,52,52157,1,5,0,Soltero,Online,3,1,0
Mexicano,48,61773,2,6,1,Casado,Presencial,3,1,1
Alemán,39,75589,1,4,0,Soltero,Presencial,1,1,0
Colombiano,37,72446,2,6,0,Casado,Online,2,0,1
Brasileño,37,32139,1,6,1,Casado,Referido,1,0,1
Alemán,30,71403,1,4,1,Viudo,Telefónico,3,0,1
Estadounidense,61,53706,1,7,1,Soltero,Presencial,5,0,1
Mexicano,38,56457,1,6,1,Casado,Online,3,0,1
Mexicano,56,56463,1,5,0,Soltero,Referido,2,0,0
Estadounidense,60,51995,1,5,1,Casado,Telefónico,4,0,1
Brasileño,53,78834,0,5,0,Casado,Presencial,5,1,0
Alemán,36,53325,0,4,1,Casado,Referido,2,1,1
Mexicano,46,32609,1,5,1,Divorciado,Presencial,3,1,1
Canadiense,41,47129,1,4,1,Divorciado,Online,5,1,1
Estadounidense,31,58573,3,5,1,Soltero,Online,2,0,1
Mexicano,45,79584,0,7,0,Casado,Referido,4,1,1
Mexicano,27,67061,0,5,1,Casado,Referido,2,0,0
Estadounidense,56,37989,0,10,1,Casado,Referido,5,1,1
Francés,36,104703,3,4,0,Soltero,Presencial,5,1,1
Estadounidense,44,60295,2,5,0,Casado,Referido,5,1,1
Canadiense,45,80507,0,7,1,Casado,Presencial,3,1,1
Argentino,38,51965,1,5,1,Casado,Presencial,3,1,0
Estadounidense,49,65667,2,5,0,Divorciado,Online,2,1,1
Británico,36,71789,0,3,1,Casado,Online,5,0,1
Británico,52,79363,1,5,0,Soltero,Online,5,1,1
Estadounidense,25,76147,0,4,0,Soltero,Online,3,0,0
Canadiense,43,72443,3,14,1,Divorciado,Referido,4,1,1
Estadounidense,65,48698,2,4,0,Viudo,Presencial,2,0,0
Estadounidense,29,43565,2,10,1,Casado,Presencial,3,0,0
Mexicano,33,61652,1,6,0,Casado,Referido,4,1,1
Colombiano,48,73662,1,4,0,Divorciado,Presencial,3,0,0
Canadiense,44,50545,3,5,0,Casado,Online,3,1,1
Mexicano,46,76303,1,7,1,Divorciado,Telefónico,1,0,1
Estadounidense,47,84052,0,10,1,Casado,Online,5,1,0
Francés,49,36673,1,4,1,Casado,Telefónico,5,1,1
Mexicano,55,38261,1,4,0,Casado,Presencial,5,1,1
Mexicano,46,52192,1,4,1,Soltero,Referido,4,0,1
Canadiense,39,61152,3,3,1,Casado,Presencial,4,0,1
Británico,50,44508,0,5,1,Casado,Online,3,1,1
Mexicano,64,82044,1,7,1,Divorciado,Presencial,5,0,1
Argentino,40,63481,1,5,1,Casado,Online,4,0,1
Español,30,55788,0,6,0,Casado,Telefónico,4,1,1
Mexicano,55,26281,2,6,1,Soltero,Referido,4,0,1
Español,40,28683,0,5,1,Soltero,Telefónico,5,0,1
Estadounidense,18,60620,0,3,1,Casado,Online,1,0,1
Argentino,52,15000,2,6,0,Casado,Referido,2,0,0
Argentino,35,75252,0,7,0,Casado,Online,4,1,0
Colombiano,40,51836,2,6,1,Soltero,Online,5,0,1
Mexicano,45,119861,1,3,0,Viudo,Online,4,1,0
Brasileño,44,101158,2,4,0,Casado,Online,3,0,0
Estadounidense,50,51371,1,3,1,Divorciado,Telefónico,3,0,1
Mexicano,36,52873,1,5,1,Casado,Presencial,4,1,1
Mexicano,48,74911,2,7,1,Soltero,Online,4,0,1
Colombiano,38,89063,1,3,1,Casado,Telefónico,4,1,1
Argentino,50,22239,0,7,0,Casado,Referido,3,1,1
Mexicano,49,19272,1,5,1,Casado,Referido,5,0,1
Canadiense,30,42559,1,6,0,Casado,Online,4,1,1
Mexicano,55,66654,1,14,1,Soltero,Online,4,0,1
Argentino,35,64937,1,3,1,Casado,Online,2,0,0
Mexicano,51,76395,1,10,0,Divorciado,Online,3,0,1
Argentino,46,31006,1,3,0,Soltero,Referido,5,1,0
Estadounidense,64,15000,1,5,1,Casado,Referido,1,0,1
Francés,39,72160,0,7,0,Divorciado,Referido,4,1,1
Mexicano,37,38436,0,10,0,Casado,Presencial,3,1,1
Estadounidense,41,15000,1,5,1,Casado,Referido,4,0,0
Mexicano,38,57901,0,5,1,Casado,Referido,3,0,1
Francés,51,70863,0,6,0,Casado,Online,2,1,0
Alemán,22,52558,0,7,1,Casado,Online,5,1,0
Estadounidense,29,45843,1,3,1,Casado,Telefónico,4,0,1
Argentino,29,51812,0,7,0,Soltero,Online,2,1,0
Brasileño,53,47588,1,5,1,Casado,Referido,2,0,0
Colombiano,62,28039,2,5,0,Casado,Online,5,1,0
Canadiense,40,40706,1,5,1,Casado,Telefónico,2,1,1
Mexicano,39,65425,1,5,1,Casado,Telefónico,4,1,1
Mexicano,42,61433,0,10,1,Soltero,Online,3,1,0
Alemán,55,58361,4,5,1,Soltero,Referido,5,1,0
Francés,30,35097,0,14,0,Divorciado,Online,4,1,1
Argentino,44,51369,0,4,0,Casado,Online,4,1,0
Estadounidense,53,15000,1,6,1,Casado,Presencial,1,0,1
Estadounidense,48,58569,2,7,1,Soltero,Online,5,1,1
Español,44,83577,2,6,0,Soltero,Telefónico,3,0,1
Alemán,54,25517,1,6,1,Casado,Referido,5,0,1
Alemán,18,43281,1,5,0,Divorciado,Presencial,3,0,0
Español,50,61582,2,7,0,Divorciado,Online,4,0,1
Argentino,34,80056,2,7,1,Divorciado,Presencial,1,0,1
Mexicano,20,46035,2,3,0,Divorciado,Telefónico,4,1,1
Mexicano,48,41154,0,7,1,Divorciado,Referido,3,0,1
Alemán,58,15621,1,5,0,Casado,Online,3,1,0
Colombiano,40,57068,1,4,0,Soltero,Online,2,0,0
Mexicano,53,95841,2,7,1,Casado,Online,2,0,1
Mexicano,61,60547,1,5,1,Soltero,Presencial,2,0,0
Argentino,57,54554,1,7,1,Casado,Telefónico,3,0,1
Mexicano,61,61441,2,4,1,Soltero,Online,5,1,1
Mexicano,50,54778,0,3,0,Casado,Telefónico,3,1,0
Colombiano,42,38739,1,5,1,Casado,Referido,4,0,1
Argentino,22,71465,3,3,1,Soltero,Telefónico,1,0,0
Argentino,39,59515,0,7,1,Casado,Telefónico,4,1,1
Mexicano,31,55352,2,4,0,Divorciado,Referido,3,0,1
Español,68,35492,1,5,0,Casado,Referido,5,0,1
Mexicano,39,81070,3,3,1,Divorciado,Online,5,1,0
Estadounidense,43,68294,0,4,1,Soltero,Presencial,3,0,1
Español,48,43941,2,7,1,Soltero,Online,4,1,0
Argentino,42,75036,0,4,1,Casado,Telefónico,2,1,0
Brasileño,62,45048,1,6,0,Casado,Presencial,4,0,1
Argentino,34,39359,1,10,1,Casado,Presencial,1,0,0
Colombiano,44,39805,2,6,1,Casado,Presencial,3,1,1
Mexicano,33,19578,2,7,1,Casado,Telefónico,2,0,0
Estadounidense,26,64430,1,3,0,Divorciado,Online,4,1,1
Estadounidense,34,18377,0,4,0,Casado,Online,3,1,0
Mexicano,41,30431,0,10,0,Soltero,Presencial,4,0,0
Británico,36,15000,0,6,1,Casado,Telefónico,4,1,1
Estadounidense,33,53278,2,6,0,Soltero,Presencial,1,0,0
Alemán,25,51993,1,6,0,Casado,Presencial,4,0,1
Argentino,41,48466,1,5,1,Soltero,Telefónico,5,1,1
Brasileño,23,34148,0,3,0,Casado,Online,5,1,0
Canadiense,51,31555,0,7,0,Soltero,Online,4,1,0
Colombiano,42,64287,2,6,0,Soltero,Online,4,0,1
Canadiense,24,43988,0,5,0,Casado,Presencial,4,1,1
Mexicano,38,61327,1,10,1,Casado,Telefónico,2,0,0
Español,32,37295,3,4,1,Casado,Presencial,2,1,1
Estadounidense,45,58621,2,4,1,Casado,Presencial,1,1,1
Mexicano,58,81065,1,10,1,Soltero,Telefónico,3,1,1
Argentino,19,66723,1,7,1,Casado,Telefónico,3,1,0
Mexicano,43,46751,3,5,1,Soltero,Presencial,5,1,1
Francés,40,60143,3,3,0,Divorciado,Presencial,3,1,1
Británico,50,50186,0,4,0,Casado,Telefónico,4,1,1
Francés,44,55157,1,6,1,Soltero,Telefónico,4,1,1
Estadounidense,32,48487,1,5,0,Casado,Presencial,2,1,1
Mexicano,38,51713,0,7,0,Viudo,Telefónico,1,1,1
Francés,32,59241,1,10,1,Casado,Presencial,4,1,1
Estadounidense,54,35132,0,7,1,Divorciado,Online,4,0,0
Británico,42,34682,3,5,0,Casado,Presencial,5,0,1
Británico,64,27229,1,7,0,Soltero,Online,3,1,1
Alemán,41,22994,0,5,0,Casado,Presencial,5,0,0
Estadounidense,33,30654,0,4,1,Casado,Online,3,1,1
Estadounidense,23,58189,2,3,0,Casado,Online,4,0,0
Alemán,20,37144,2,5,1,Casado,Online,4,0,1
Estadounidense,22,65272,0,10,1,Casado,Presencial,1,1,1
Mexicano,45,55694,3,4,1,Casado,Online,1,1,0
Colombiano,48,15629,1,4,0,Casado,Telefónico,1,0,0
Francés,23,68099,0,14,0,Casado,Online,3,1,1
Argentino,52,71215,1,3,1,Divorciado,Telefónico,4,1,1
Colombiano,36,35122,1,7,1,Casado,Online,2,0,0
Mexicano,43,63403,2,4,0,Casado,Online,4,0,1
Colombiano,61,37870,1,3,1,Casado,Online,3,0,0
Británico,52,56953,1,10,0,Viudo,Referido,4,0,1
Mexicano,38,29710,0,3,0,Casado,Presencial,4,0,0
Canadiense,31,19137,1,5,1,Casado,Presencial,4,0,0
Alemán,18,47343,2,4,0,Divorciado,Online,4,0,0
Español,33,52525,1,3,1,Divorciado,Referido,3,1,1
Argentino,39,47046,3,3,1,Casado,Referido,5,1,1
Argentino,30,31319,1,3,1,Casado,Online,2,1,1
Estadounidense,40,47002,2,3,1,Casado,Online,3,0,1
Estadounidense,42,60385,3,7,1,Casado,Online,2,1,1
Brasileño,39,54102,1,5,0,Divorciado,Online,4,1,0
Brasileño,34,58650,2,4,1,Divorciado,Online,4,1,1
Alemán,44,41597,0,5,1,Soltero,Referido,4,1,1
Francés,47,78434,1,10,0,Casado,Telefónico,3,1,1
Canadiense,28,31476,0,10,0,Casado,Online,2,1,1
Canadiense,58,64751,0,6,0,Viudo,Online,5,1,1
Brasileño,40,78637,1,10,1,Casado,Online,4,0,1
Argentino,42,64618,1,4,1,Casado,Online,3,0,0
Argentino,50,50949,0,5,1,Soltero,Online,4,0,1
Brasileño,44,44434,2,6,1,Casado,Presencial,2,0,0
Alemán,53,75721,1,6,1,Soltero,Presencial,2,0,1
Estadounidense,45,26540,0,5,1,Divorciado,Online,3,1,1
Estadounidense,34,35597,0,5,1,Casado,Telefónico,2,0,1
Mexicano,46,47048,0,14,1,Casado,Presencial,2,1,1
Colombiano,28,79753,4,7,1,Casado,Online,5,1,1
Mexicano,43,62595,2,5,1,Divorciado,Presencial,4,0,1
Canadiense,41,35639,2,6,1,Casado,Presencial,3,0,1
Colombiano,39,48793,1,4,1,Soltero,Referido,4,0,0
Estadounidense,40,42713,3,3,1,Divorciado,Referido,5,1,1
Colombiano,19,40804,3,5,1,Divorciado,Presencial,2,1,0
Mexicano,35,74577,1,5,1,Divorciado,Telefónico,5,0,1
Mexicano,43,27565,2,3,1,Soltero,Presencial,4,1,1
Brasileño,43,87175,0,7,1,Soltero,Referido,2,1,1
Estadounidense,29,71564,3,5,1,Soltero,Presencial,3,0,0
Mexicano,57,76817,0,5,0,Soltero,Presencial,3,1,1
Canadiense,31,45741,2,3,0,Casado,Online,4,1,1
Español,53,52001,1,4,1,Soltero,Telefónico,2,0,0
Mexicano,47,26336,0,10,1,Casado,Presencial,4,1,1
Colombiano,34,44506,1,6,1,Casado,Telefónico,4,0,0
Mexicano,63,64873,3,14,0,Casado,Presencial,3,0,1
Mexicano,27,80921,1,14,0,Viudo,Referido,5,0,1
Colombiano,53,32856,0,5,0,Soltero,Presencial,5,1,0
Colombiano,54,47689,3,4,0,Casado,Referido,3,1,1
Argentino,33,51974,0,7,1,Casado,Online,5,0,1
Español,58,27084,0,14,0,Soltero,Online,1,0,1
Británico,38,66826,2,6,1,Casado,Referido,1,0,0
Canadiense,45,40520,1,7,1,Casado,Referido,3,1,0
Estadounidense,45,51092,1,7,1,Casado,Telefónico,4,0,1
Brasileño,40,45961,1,5,1,Divorciado,Presencial,4,1,0
Estadounidense,51,39213,1,5,1,Casado,Online,3,1,1
Canadiense,51,54859,3,7,0,Soltero,Online,2,1,1
Mexicano,21,50687,1,6,1,Casado,Online,2,0,1
Mexicano,57,47562,2,3,1,Soltero,Online,5,0,0
Británico,22,40430,0,4,0,Casado,Presencial,5,0,0
Brasileño,54,61390,2,3,0,Casado,Telefónico,4,1,0
Argentino,55,88072,1,4,0,Soltero,Telefónico,4,1,0
Estadounidense,28,57797,0,10,0,Divorciado,Presencial,4,1,0
Mexicano,37,74922,1,3,1,Divorciado,Online,2,0,1
Mexicano,28,27195,2,4,1,Divorciado,Online,3,1,1
Estadounidense,39,58155,1,4,0,Casado,Telefónico,4,0,1
Colombiano,38,33052,1,6,1,Casado,Presencial,4,0,1
Español,51,25461,1,5,1,Divorciado,Online,1,1,0
Argentino,57,40212,1,4,0,Casado,Presencial,5,0,1
Estadounidense,58,78837,0,4,1,Divorciado,Online,5,1,0
Británico,35,74000,1,4,1,Soltero,Telefónico,3,1,0
Español,39,59860,1,5,1,Soltero,Telefónico,4,1,1
Colombiano,21,24345,1,4,1,Casado,Presencial,5,0,0
Colombiano,32,51074,1,10,1,Casado,Online,1,0,1
Estadounidense,53,61034,1,5,0,Casado,Referido,4,0,1
Mexicano,61,58510,2,3,1,Divorciado,Presencial,3,0,1
Estadounidense,27,18124,1,6,1,Soltero,Referido,3,1,1
Español,34,37193,1,4,0,Soltero,Telefónico,5,1,1
Mexicano,41,53718,2,6,1,Divorciado,Telefónico,3,0,0
Mexicano,45,65725,1,4,1,Soltero,Presencial,1,1,1
Mexicano,32,15000,2,5,0,Casado,Presencial,1,1,1
Mexicano,47,51757,0,7,1,Casado,Referido,1,0,1
Alemán,36,57860,1,10,0,Soltero,Online,3,0,0
Argentino,41,71992,0,4,1,Casado,Presencial,4,0,0
Canadiense,48,68857,1,4,0,Casado,Online,2,1,1
Mexicano,42,66651,2,5,1,Divorciado,Presencial,4,1,1
Canadiense,36,39001,0,10,0,Casado,Telefónico,4,1,1
Canadiense,40,16839,1,10,0,Casado,Online,3,0,0
Mexicano,40,47138,2,3,0,Casado,Referido,4,1,1
Canadiense,37,75032,1,3,1,Casado,Telefónico,4,0,1
Estadounidense,38,82869,2,5,1,Soltero,Presencial,3,1,1
Colombiano,61,69210,1,3,1,Casado,Online,3,1,0
Argentino,48,63586,1,4,1,Soltero,Telefónico,4,0,1
Mexicano,38,62592,1,3,1,Soltero,Online,5,1,0
Estadounidense,50,43877,0,6,0,Casado,Referido,3,1,0
Colombiano,37,52398,0,10,1,Casado,Telefónico,3,1,1
Canadiense,56,88381,0,14,0,Soltero,Presencial,3,0,0
Alemán,46,36148,0,5,1,Casado,Referido,1,0,1
Argentino,40,87295,2,5,1,Casado,Presencial,4,1,1
Mexicano,47,48559,0,7,1,Soltero,Presencial,3,1,1
Mexicano,23,81508,2,3,0,Divorciado,Telefónico,2,0,0
Argentino,28,26863,0,6,1,Soltero,Referido,3,1,1
Mexicano,27,66718,0,5,0,Divorciado,Online,1,0,0
Colombiano,43,40264,0,4,0,Soltero,Presencial,3,1,0
Francés,62,26694,0,5,0,Divorciado,Online,2,0,0
Colombiano,68,59370,1,3,1,Soltero,Presencial,1,0,0
Estadounidense,49,75189,1,6,1,Casado,Presencial,5,0,1
Argentino,48,38101,3,4,0,Casado,Presencial,5,0,1
Canadiense,20,25019,1,4,0,Casado,Online,2,1,1
Colombiano,35,53163,2,3,1,Casado,Referido,4,1,1
Francés,32,53251,2,7,1,Soltero,Presencial,3,0,1
Estadounidense,34,65966,0,5,0,Casado,Presencial,3,0,1
Británico,39,73991,0,5,0,Soltero,Telefónico,3,1,0
Francés,36,53811,1,5,1,Divorciado,Telefónico,3,0,1
Mexicano,18,92110,1,5,1,Soltero,Referido,4,1,1
Mexicano,50,59484,1,4,1,Casado,Presencial,2,1,1
Mexicano,29,48071,1,6,1,Casado,Presencial,1,1,1
Mexicano,44,22768,2,3,0,Casado,Online,4,1,1
Mexicano,66,49746,0,3,0,Soltero,Online,4,0,1
Argentino,30,48272,2,6,0,Casado,Online,3,1,0
Mexicano,18,74206,2,4,0,Casado,Online,3,1,1
Estadounidense,38,64249,0,4,1,Divorciado,Presencial,3,0,1
Brasileño,55,31412,1,5,1,Casado,Online,3,1,0
Mexicano,65,58445,1,5,1,Casado,Telefónico,3,1,0
Brasileño,27,68430,1,6,0,Casado,Online,3,0,0
Estadounidense,47,85560,1,6,1,Casado,Telefónico,4,0,0
Mexicano,36,72750,0,6,1,Casado,Online,4,1,1
Argentino,40,70216,0,6,0,Casado,Presencial,4,0,1
Colombiano,73,56201,0,4,1,Casado,Presencial,3,0,0
Alemán,23,62766,0,4,0,Casado,Online,3,0,0
Español,45,79990,0,5,0,Casado,Presencial,3,0,1
Brasileño,47,28344,1,4,1,Divorciado,Telefónico,4,0,1
Estadounidense,55,48011,1,14,1,Casado,Telefónico,3,1,1
Mexicano,43,39548,1,7,0,Casado,Online,5,0,1
Español,45,62583,0,4,0,Casado,Presencial,4,1,1
Brasileño,37,79604,1,3,1,Casado,Referido,5,0,1
Británico,45,43060,3,3,1,Soltero,Presencial,4,0,0
Estadounidense,37,15000,1,4,1,Soltero,Presencial,5,0,0
Estadounidense,49,46755,1,3,0,Soltero,Online,4,0,1
Español,37,73269,0,5,0,Casado,Telefónico,5,0,0
Estadounidense,46,65752,1,7,0,Divorciado,Presencial,2,1,1
Francés,41,63563,1,6,0,Casado,Online,1,1,0
Alemán,55,49400,1,4,0,Casado,Online,4,0,1
Estadounidense,41,29419,1,5,0,Divorciado,Presencial,5,0,1
Español,20,65305,1,5,1,Divorciado,Presencial,3,0,1
Español,57,38314,2,7,0,Casado,Telefónico,2,1,1
Mexicano,31,98681,2,7,1,Casado,Online,4,1,1
Francés,34,66410,1,10,0,Soltero,Presencial,4,0,1
Canadiense,34,43387,2,5,1,Soltero,Presencial,3,0,1
Brasileño,58,42772,0,6,0,Soltero,Online,4,1,1
Estadounidense,18,53141,1,3,1,Casado,Telefónico,5,0,1
Alemán,75,50209,1,5,0,Casado,Presencial,5,1,0
Estadounidense,54,77336,2,4,1,Soltero,Online,3,0,1
Mexicano,44,58728,2,5,1,Soltero,Presencial,3,1,1
Francés,41,40367,0,6,1,Soltero,Presencial,3,1,0
Mexicano,45,92808,0,4,0,Casado,Presencial,3,1,0
Estadounidense,48,55986,0,3,1,Casado,Telefónico,2,1,1
Británico,49,70376,1,3,1,Casado,Online,4,0,0
Británico,48,42835,0,3,0,Casado,Telefónico,3,0,1
Colombiano,43,62262,1,3,1,Casado,Telefónico,5,0,1
Argentino,39,61222,1,3,1,Soltero,Telefónico,5,1,1
Canadiense,40,17207,0,4,1,Soltero,Presencial,1,1,0
Estadounidense,39,95305,1,4,1,Divorciado,Presencial,5,0,1
Estadounidense,55,80812,3,14,1,Viudo,Referido,4,0,1
Argentino,49,47056,3,4,1,Casado,Telefónico,4,1,1
Español,18,32954,0,3,1,Divorciado,Telefónico,3,1,0
Brasileño,49,61951,0,5,1,Casado,Presencial,4,1,1
Brasileño,44,56733,1,7,1,Soltero,Online,3,0,1
Mexicano,41,62113,1,6,1,Viudo,Telefónico,4,0,1
Canadiense,37,58831,1,4,1,Soltero,Presencial,1,0,0
Mexicano,55,65124,1,5,0,Casado,Online,4,1,1
Colombiano,53,83946,1,6,0,Casado,Online,3,1,0
Canadiense,32,66362,3,6,0,Casado,Presencial,1,1,0
Alemán,46,34006,1,6,0,Casado,Presencial,4,1,1
Estadounidense,30,82251,1,10,0,Casado,Presencial,4,1,0
Mexicano,25,87812,3,10,1,Casado,Presencial,3,1,1
Mexicano,34,118041,0,5,0,Casado,Online,1,1,1
Español,52,32530,0,5,1,Casado,Presencial,5,1,1
Colombiano,53,59857,1,6,1,Viudo,Presencial,4,0,1
Mexicano,48,15000,0,7,0,Casado,Referido,2,1,1
Mexicano,50,66062,1,3,0,Casado,Online,4,0,1
Argentino,48,44035,0,14,1,Soltero,Online,3,0,1
Mexicano,34,93468,0,4,1,Divorciado,Telefónico,1,1,0
Brasileño,47,39507,0,5,1,Soltero,Referido,4,1,1
Argentino,51,21216,3,10,1,Soltero,Presencial,5,1,0
Mexicano,51,45574,0,4,1,Casado,Online,4,0,1
Mexicano,56,15490,2,5,1,Divorciado,Online,2,1,0
Británico,50,70021,4,3,1,Soltero,Presencial,5,1,1
Estadounidense,46,15000,0,5,1,Soltero,Telefónico,3,0,0
Estadounidense,54,55569,1,4,1,Casado,Referido,5,1,1
Brasileño,41,15000,2,5,0,Casado,Referido,1,0,1
Francés,31,48594,2,5,1,Casado,Presencial,3,0,1
Británico,40,87867,1,14,1,Casado,Presencial,4,1,1
Español,33,62212,0,14,1,Casado,Referido,2,0,1
Estadounidense,33,37730,1,3,0,Soltero,Online,4,0,0
Mexicano,40,54375,0,6,0,Soltero,Presencial,4,0,0
Español,32,55360,0,3,0,Divorciado,Telefónico,1,0,1
Colombiano,38,64452,2,3,0,Divorciado,Presencial,4,0,1
Estadounidense,19,27662,2,3,0,Soltero,Presencial,3,0,1
Francés,44,66851,2,14,1,Soltero,Referido,2,0,1
Mexicano,42,15000,1,10,0,Soltero,Presencial,5,0,1
Canadiense,32,42402,1,4,0,Casado,Presencial,5,0,1
Mexicano,49,45234,2,4,0,Casado,Presencial,3,0,0
Canadiense,53,67666,0,4,1,Casado,Online,4,1,1
Mexicano,22,55452,2,5,0,Casado,Presencial,3,1,0
Mexicano,32,26888,1,5,0,Casado,Online,4,0,1
Mexicano,32,35300,3,4,1,Divorciado,Online,5,1,1
Argentino,30,58973,1,7,1,Soltero,Telefónico,3,1,0
Español,51,53418,2,4,0,Soltero,Presencial,5,1,0
Colombiano,39,43417,2,10,0,Soltero,Telefónico,3,0,1
Británico,38,45383,1,6,0,Divorciado,Presencial,3,1,0
Estadounidense,18,68923,0,5,1,Casado,Telefónico,5,0,0
Estadounidense,49,44646,1,7,0,Casado,Online,4,0,1
Alemán,27,53238,0,7,1,Soltero,Presencial,3,0,1
Mexicano,42,98398,1,4,0,Casado,Telefónico,4,0,0
Británico,45,26526,2,4,1,Casado,Presencial,3,1,1
Mexicano,58,17963,0,10,0,Casado,Presencial,3,1,0
Británico,26,70671,2,4,0,Casado,Online,5,1,1
Mexicano,18,41427,1,3,1,Soltero,Telefónico,4,0,0
Alemán,44,48635,1,5,0,Casado,Presencial,5,0,1
Canadiense,63,39376,0,7,0,Casado,Presencial,3,0,1
Británico,56,49803,0,7,1,Casado,Presencial,4,0,1
Mexicano,44,86970,3,10,1,Soltero,Online,5,1,1
Colombiano,36,71042,1,5,0,Divorciado,Online,3,1,1
Británico,51,72244,1,3,1,Casado,Presencial,2,1,1
Canadiense,30,26675,1,5,1,Divorciado,Presencial,4,1,1
Colombiano,47,31976,1,7,1,Casado,Online,3,0,0
Argentino,48,15000,1,3,1,Divorciado,Telefónico,2,0,0
Canadiense,54,38812,1,4,1,Divorciado,Telefónico,5,0,1
Colombiano,75,74134,1,3,0,Casado,Referido,5,0,0
Colombiano,46,65338,1,5,1,Divorciado,Presencial,4,1,1
Francés,35,50569,3,10,0,Casado,Referido,4,0,1
Mexicano,41,54553,2,6,0,Casado,Presencial,5,0,0
Estadounidense,20,41222,1,14,1,Soltero,Referido,4,1,1
Británico,33,59095,0,3,0,Casado,Presencial,1,1,1
Alemán,37,70317,0,10,1,Casado,Online,2,0,1
Canadiense,35,22682,0,7,1,Casado,Online,1,1,0
Colombiano,43,60992,4,4,1,Soltero,Online,1,0,0
Estadounidense,32,73648,3,14,0,Casado,Telefónico,3,1,1
Mexicano,55,46697,3,4,0,Soltero,Telefónico,3,0,1
Canadiense,42,69014,0,10,1,Casado,Referido,2,0,1
Estadounidense,41,111293,1,10,1,Soltero,Online,1,1,1
Colombiano,38,52913,3,7,0,Divorciado,Online,4,0,0
Mexicano,43,62866,2,5,0,Soltero,Presencial,3,1,1
Británico,51,40238,2,3,1,Casado,Referido,4,1,1
Británico,31,58625,1,5,0,Divorciado,Online,1,0,0
Argentino,34,64205,2,5,1,Casado,Telefónico,5,1,0
Colombiano,38,58896,0,7,1,Soltero,Online,5,1,1
Estadounidense,25,34606,1,7,1,Casado,Online,4,0,1
Brasileño,32,59127,0,10,0,Soltero,Referido,4,1,1
Argentino,36,84243,1,3,0,Viudo,Presencial,5,1,1
Mexicano,52,63972,1,7,0,Casado,Presencial,2,1,1
Francés,45,74239,1,10,1,Casado,Presencial,5,1,1
Brasileño,44,50259,0,7,1,Casado,Telefónico,4,1,0
Francés,52,69998,0,3,1,Soltero,Presencial,4,1,1
Español,40,60585,2,3,1,Casado,Presencial,3,1,1
Colombiano,46,35981,3,3,0,Divorciado,Presencial,4,0,1
Estadounidense,40,61370,1,6,1,Divorciado,Online,4,0,1
Francés,45,35166,2,6,1,Casado,Online,4,0,1
Alemán,35,42342,0,14,1,Casado,Presencial,4,1,1
Mexicano,18,58786,0,5,0,Soltero,Referido,1,1,0
Mexicano,40,60944,2,4,1,Casado,Referido,3,0,1
Estadounidense,59,31215,1,6,1,Casado,Presencial,3,0,1
Brasileño,53,76079,1,7,1,Casado,Telefónico,3,0,1
Británico,53,66440,1,10,0,Divorciado,Online,2,0,0
Mexicano,56,40905,2,7,1,Soltero,Presencial,2,1,1
Colombiano,43,24248,2,5,0,Soltero,Presencial,3,1,0
Estadounidense,44,52101,1,6,1,Soltero,Online,3,1,1
Británico,34,46081,3,7,1,Soltero,Online,1,0,0
Brasileño,38,57262,1,5,1,Soltero,Presencial,5,1,1
Brasileño,49,47737,1,4,1,Casado,Telefónico,4,1,1
Canadiense,56,15000,0,4,1,Casado,Online,4,1,1
Estadounidense,40,47233,1,3,0,Soltero,Telefónico,2,1,0
Estadounidense,36,48887,0,6,0,Casado,Presencial,4,0,1
Mexicano,42,67673,3,3,1,Soltero,Online,4,0,0
Alemán,49,41036,1,4,1,Casado,Presencial,5,1,1
Brasileño,24,88573,0,4,0,Casado,Online,4,1,1
Británico,18,16767,1,5,0,Casado,Telefónico,4,1,0
Británico,35,81223,0,5,1,Divorciado,Telefónico,5,0,1
Colombiano,27,50513,0,6,1,Soltero,Online,2,1,0
Español,35,72191,0,3,1,Casado,Telefónico,1,0,1
Francés,40,56596,0,3,0,Divorciado,Referido,4,1,1
Brasileño,36,77791,1,5,1,Casado,Online,1,1,1
Mexicano,59,47252,0,4,1,Casado,Presencial,2,1,1
Canadiense,45,33027,0,4,1,Casado,Telefónico,4,1,1
Mexicano,45,83410,2,3,1,Casado,Presencial,3,0,1
Británico,49,52730,2,10,0,Divorciado,Referido,4,0,1
Colombiano,28,59431,0,6,1,Soltero,Online,5,0,0
Mexicano,54,79695,1,3,0,Soltero,Online,3,0,0
Argentino,41,34360,1,3,0,Casado,Presencial,2,1,0
Colombiano,50,66909,1,14,1,Soltero,Online,2,0,0
Estadounidense,29,43202,0,6,1,Casado,Referido,2,1,1
Mexicano,23,52356,2,5,1,Soltero,Presencial,1,0,1
Argentino,51,56445,1,6,1,Soltero,Online,1,1,1
Canadiense,46,24995,0,7,0,Soltero,Referido,3,1,1
Español,31,39423,0,7,1,Divorciado,Online,3,0,0
Canadiense,31,82021,1,5,0,Soltero,Online,4,0,1
Alemán,55,72723,0,5,1,Soltero,Online,5,0,1
Colombiano,27,53747,1,3,0,Soltero,Online,4,1,0
Colombiano,61,59862,1,10,1,Divorciado,Presencial,4,1,0
Alemán,31,49115,1,6,0,Casado,Presencial,2,0,0
Estadounidense,49,82131,1,4,1,Casado,Online,4,1,1
Mexicano,38,50992,2,10,1,Soltero,Referido,3,0,1
Mexicano,49,59636,0,10,1,Divorciado,Presencial,1,1,1
Español,35,77920,2,14,1,Casado,Presencial,5,0,1
Colombiano,40,39452,1,10,1,Casado,Online,3,1,1
Argentino,42,86175,2,14,1,Casado,Telefónico,2,1,1
Mexicano,29,24390,2,4,1,Divorciado,Presencial,5,1,1
Mexicano,50,87592,0,7,1,Casado,Referido,5,0,1
Mexicano,35,47546,3,7,0,Divorciado,Presencial,3,0,0
Estadounidense,39,50146,0,4,0,Divorciado,Referido,3,1,1
Colombiano,30,17199,2,3,0,Soltero,Online,4,0,0
Estadounidense,18,45904,1,14,0,Casado,Telefónico,4,0,0
Canadiense,39,34203,1,4,1,Soltero,Online,1,1,1
Francés,70,42847,5,10,0,Divorciado,Telefónico,4,0,1
Estadounidense,51,52253,1,3,0,Soltero,Presencial,5,0,1
Canadiense,41,74155,1,3,0,Divorciado,Presencial,3,1,1
Brasileño,38,59152,3,5,1,Casado,Online,5,0,1
Estadounidense,42,61153,0,4,1,Casado,Referido,5,0,1
Colombiano,48,33089,1,6,0,Soltero,Telefónico,3,1,1
Alemán,27,37384,1,5,1,Casado,Online,4,1,1
Francés,55,90974,1,3,0,Divorciado,Online,2,0,1
Mexicano,50,40295,2,4,1,Soltero,Presencial,4,1,0
Francés,50,88124,0,5,1,Casado,Telefónico,4,1,1
Canadiense,47,50138,0,4,0,Soltero,Telefónico,2,0,1
Estadounidense,42,55045,2,7,1,Casado,Telefónico,4,0,1
Canadiense,50,76407,1,5,1,Soltero,Online,5,0,1
Británico,49,80437,1,3,1,Casado,Referido,3,1,1
Canadiense,37,52783,2,5,1,Divorciado,Referido,2,1,1
Estadounidense,35,47235,1,3,0,Casado,Online,1,0,0
Argentino,43,53881,2,3,0,Casado,Online,4,1,0
Mexicano,60,61759,0,4,0,Casado,Online,5,1,1
Mexicano,27,72826,3,7,0,Soltero,Online,5,0,1
Mexicano,24,55084,0,10,0,Casado,Online,3,1,1
Mexicano,43,67377,3,7,1,Casado,Presencial,4,0,1
Mexicano,42,87767,0,4,0,Soltero,Online,3,1,1
Mexicano,44,62626,2,4,1,Casado,Online,2,1,0
Argentino,44,61233,1,5,1,Casado,Online,3,1,0
Mexicano,39,24621,0,6,1,Casado,Presencial,3,1,0
Estadounidense,59,15000,0,14,1,Divorciado,Telefónico,4,1,0
Alemán,22,62767,0,3,1,Soltero,Online,5,1,0
Canadiense,32,53103,1,3,1,Casado,Presencial,4,1,1
Argentino,40,44704,1,6,1,Casado,Online,4,1,1
Mexicano,22,59870,0,7,1,Soltero,Referido,2,1,1
Mexicano,39,53791,0,7,1,Divorciado,Telefónico,5,0,1
Mexicano,61,77555,1,6,0,Casado,Presencial,4,1,1
Mexicano,42,56722,0,14,1,Casado,Referido,5,1,1
Estadounidense,44,40061,3,5,1,Casado,Presencial,3,1,1
Mexicano,26,74803,0,10,0,Soltero,Referido,4,1,1
Mexicano,34,50657,1,14,0,Casado,Presencial,4,0,1
Mexicano,37,65530,1,7,1,Casado,Presencial,2,0,1
Canadiense,38,45451,1,4,1,Casado,Online,4,0,1
Mexicano,57,42003,3,4,0,Casado,Online,5,1,1
Estadounidense,48,56683,2,5,1,Casado,Online,2,1,0
Canadiense,28,55256,3,5,1,Casado,Telefónico,1,1,1
Argentino,44,64596,2,10,1,Casado,Telefónico,4,0,1
Mexicano,47,49627,1,3,1,Casado,Online,3,1,1
Brasileño,55,18272,3,4,1,Casado,Online,4,1,0
Colombiano,60,46344,0,7,1,Casado,Presencial,4,1,1
Mexicano,29,70876,2,3,0,Divorciado,Presencial,3,0,0
Alemán,32,49052,0,4,1,Soltero,Online,5,1,1
Francés,26,50072,2,5,1,Divorciado,Presencial,4,1,1
Mexicano,39,74727,1,6,1,Casado,Telefónico,5,1,1
Estadounidense,47,40760,1,4,1,Casado,Online,4,1,1
Brasileño,53,24143,0,7,0,Divorciado,Presencial,5,1,0
Español,41,51787,1,5,1,Casado,Online,1,0,1
Mexicano,38,45316,0,10,0,Divorciado,Presencial,2,0,0
Mexicano,43,35675,1,5,0,Soltero,Online,1,1,0
Estadounidense,31,51492,2,4,0,Soltero,Telefónico,3,0,0
Canadiense,67,64830,1,3,0,Casado,Online,5,0,1
Colombiano,22,54814,0,3,1,Divorciado,Presencial,3,0,0
Estadounidense,44,61139,1,5,0,Divorciado,Telefónico,5,1,1
Canadiense,66,91268,2,3,0,Casado,Presencial,3,1,1
Español,42,48142,0,5,1,Casado,Telefónico,3,0,1
Mexicano,39,60566,0,5,0,Casado,Online,5,1,1
Estadounidense,37,44815,1,4,0,Viudo,Online,3,1,1
Español,39,38072,1,4,0,Casado,Referido,4,0,1
Alemán,58,43301,2,7,0,Casado,Telefónico,2,0,1
Canadiense,18,45424,2,10,0,Casado,Presencial,5,1,1
Colombiano,60,62189,1,3,0,Casado,Presencial,4,1,1
Mexicano,24,101981,1,4,1,Casado,Referido,4,0,1
Canadiense,38,40679,4,14,0,Viudo,Presencial,1,0,1
Colombiano,36,46667,3,3,0,Casado,Online,3,0,0
Mexicano,49,53737,2,14,1,Divorciado,Telefónico,5,0,1
Estadounidense,22,62915,1,3,1,Soltero,Online,5,0,0
Estadounidense,47,60271,0,10,1,Casado,Telefónico,1,1,1
Mexicano,66,80681,0,4,1,Casado,Telefónico,3,1,1
Estadounidense,25,15000,1,10,0,Casado,Telefónico,3,1,1
Mexicano,44,15000,2,4,1,Divorciado,Telefónico,2,0,0
Estadounidense,34,45082,1,6,0,Soltero,Online,4,1,0
Mexicano,47,76946,0,3,0,Soltero,Online,2,0,1
Alemán,42,23687,3,4,1,Casado,Online,3,0,1
Colombiano,34,15000,1,7,1,Soltero,Telefónico,4,1,0
Argentino,47,66423,0,5,1,Viudo,Referido,3,1,0
Brasileño,63,59873,0,10,1,Soltero,Presencial,4,0,1
Canadiense,39,33195,0,5,0,Casado,Presencial,5,1,1
Mexicano,50,35289,1,7,1,Soltero,Referido,2,1,1
Colombiano,26,35605,2,5,1,Casado,Online,4,1,1
Colombiano,30,57210,0,14,1,Casado,Presencial,2,1,1
Español,47,42473,1,14,1,Soltero,Telefónico,3,1,1
Canadiense,59,64881,2,4,1,Casado,Referido,1,1,0
Mexicano,46,15000,1,10,0,Casado,Telefónico,2,1,1
Estadounidense,38,37862,1,7,1,Viudo,Telefónico,3,0,1
Estadounidense,41,32478,0,4,0,Soltero,Presencial,3,0,0
Argentino,26,49873,0,6,0,Casado,Referido,5,1,1
Colombiano,49,44239,1,3,1,Viudo,Online,4,1,1
Estadounidense,52,70956,0,7,0,Casado,Referido,5,0,1
Británico,36,17813,3,4,1,Viudo,Presencial,4,1,1
Colombiano,36,55909,2,3,0,Viudo,Presencial,2,0,1
Mexicano,45,66166,2,5,1,Casado,Online,3,1,1
Mexicano,36,92132,0,5,0,Casado,Presencial,3,0,1
Mexicano,41,45364,1,7,0,Soltero,Telefónico,3,0,0
Mexicano,67,61489,3,14,0,Casado,Referido,4,1,1
Mexicano,39,18922,0,5,1,Divorciado,Telefónico,4,0,1
Mexicano,37,15000,2,3,0,Casado,Referido,3,0,1
Estadounidense,34,71895,1,6,1,Casado,Online,2,1,0
Mexicano,50,54888,0,5,0,Casado,Telefónico,1,1,1
Alemán,39,78570,0,5,0,Casado,Telefónico,2,1,1
Mexicano,34,27531,0,4,0,Divorciado,Telefónico,2,1,0
Canadiense,57,65398,0,5,1,Casado,Online,4,0,0
Estadounidense,59,92376,1,4,1,Soltero,Online,2,1,1
Británico,34,63394,2,7,1,Divorciado,Telefónico,4,1,1
Mexicano,19,60531,3,5,0,Casado,Presencial,3,1,1
Estadounidense,54,55171,0,10,1,Casado,Telefónico,1,1,1
Británico,33,23582,4,5,1,Casado,Referido,5,1,1
Alemán,51,82111,1,4,0,Casado,Online,4,1,1
Brasileño,18,42782,0,7,1,Divorciado,Telefónico,2,0,1
Estadounidense,52,65089,1,5,1,Casado,Telefónico,5,0,1
Mexicano,27,23739,2,4,0,Casado,Telefónico,1,1,0
Argentino,50,31410,3,6,0,Soltero,Online,2,1,1
Francés,42,83701,1,5,0,Divorciado,Referido,4,1,1
Colombiano,30,48053,1,7,1,Soltero,Online,4,1,0
Colombiano,37,84065,1,5,0,Divorciado,Presencial,3,0,1
Estadounidense,50,53435,1,6,0,Casado,Telefónico,1,1,1
Español,43,18162,2,3,0,Casado,Telefónico,5,0,1
Mexicano,49,72841,0,5,0,Divorciado,Telefónico,3,0,1
Estadounidense,65,43202,3,14,0,Soltero,Presencial,2,0,1
Estadounidense,23,68973,0,7,1,Casado,Presencial,4,1,1
Canadiense,61,55504,4,4,0,Casado,Referido,5,0,1
Mexicano,43,24137,1,4,1,Casado,Presencial,1,1,1
Mexicano,31,58285,1,4,0,Casado,Telefónico,4,0,1
Colombiano,26,98924,0,6,1,Casado,Telefónico,4,0,1
Estadounidense,39,64859,2,7,1,Casado,Telefónico,3,1,1
Colombiano,53,53849,2,6,0,Divorciado,Presencial,4,1,1
Mexicano,40,76506,2,5,1,Casado,Telefónico,5,0,0
Canadiense,60,59213,1,7,1,Casado,Referido,2,0,1
Colombiano,24,59190,3,5,1,Viudo,Online,2,1,1
Mexicano,41,33167,3,3,1,Casado,Online,5,0,1
Estadounidense,26,59676,2,5,1,Soltero,Online,4,1,1
Mexicano,46,75708,1,14,1,Casado,Presencial,3,0,1
Mexicano,52,38278,1,7,1,Soltero,Referido,4,0,1
Británico,36,83489,1,5,1,Soltero,Referido,4,0,1
Estadounidense,18,53165,1,6,1,Casado,Referido,4,1,1
Brasileño,44,37244,0,10,1,Soltero,Online,5,1,1
Estadounidense,47,74952,3,5,1,Casado,Telefónico,3,0,1
Argentino,46,49264,3,4,1,Soltero,Presencial,3,1,1
Español,56,70190,3,14,0,Soltero,Telefónico,4,1,1
Colombiano,29,49164,0,7,1,Soltero,Online,3,1,0
Canadiense,50,53803,1,4,0,Soltero,Referido,4,0,1
Estadounidense,56,64871,0,5,1,Casado,Telefónico,3,0,0
Estadounidense,20,60817,0,5,0,Casado,Referido,2,1,1
Francés,45,15089,1,3,0,Viudo,Referido,3,0,0
Brasileño,35,32575,1,14,1,Divorciado,Referido,4,0,1
Británico,41,73588,1,5,0,Divorciado,Presencial,4,1,1
Mexicano,46,52357,0,10,1,Soltero,Telefónico,3,0,1
Español,36,44525,2,4,1,Casado,Online,2,0,1
Francés,33,27828,1,5,0,Soltero,Online,3,0,1
Mexicano,42,33405,3,3,0,Casado,Presencial,4,1,1
Mexicano,28,15000,1,7,1,Soltero,Telefónico,3,0,1
Español,28,52974,2,5,0,Casado,Presencial,4,1,0
Colombiano,50,43031,1,6,1,Soltero,Online,4,1,1
Brasileño,28,35668,1,3,1,Soltero,Telefónico,2,1,1
Mexicano,49,53637,1,4,0,Viudo,Referido,4,0,1
Brasileño,47,62279,2,3,0,Casado,Telefónico,1,0,0
Mexicano,21,96863,1,4,1,Divorciado,Online,4,1,1
Mexicano,33,24762,1,6,1,Casado,Online,2,0,1
Mexicano,56,78187,2,5,0,Divorciado,Presencial,1,1,0
Brasileño,30,74462,2,6,0,Casado,Online,4,0,1
Argentino,36,39418,0,5,1,Divorciado,Presencial,3,1,0
Canadiense,47,59064,2,4,1,Casado,Referido,4,0,1
Estadounidense,51,45847,0,4,0,Casado,Online,4,1,1
Alemán,38,58713,0,3,1,Casado,Presencial,4,0,1
Estadounidense,34,85182,1,7,1,Casado,Online,3,0,1
Brasileño,59,67112,2,6,1,Divorciado,Online,4,1,0
Canadiense,62,65172,1,4,1,Viudo,Online,4,1,0
Estadounidense,53,46393,1,4,1,Casado,Presencial,3,1,1
Canadiense,43,25318,2,10,1,Casado,Referido,4,1,1
Estadounidense,32,50830,0,6,1,Casado,Presencial,5,1,1
Español,32,79132,1,6,1,Divorciado,Presencial,2,0,1
Canadiense,48,24456,2,5,1,Casado,Presencial,5,0,1
Mexicano,47,33898,3,4,1,Soltero,Online,1,1,0
Alemán,58,57525,0,14,0,Casado,Presencial,3,0,1
Estadounidense,49,35306,0,7,0,Soltero,Presencial,3,1,1
Colombiano,23,39149,1,4,1,Casado,Online,4,0,0
Francés,54,46528,1,7,0,Casado,Online,2,0,0
Colombiano,30,27687,1,7,1,Casado,Presencial,5,0,0
Mexicano,37,35517,0,4,0,Casado,Presencial,5,1,1
Francés,45,69068,1,5,1,Soltero,Online,4,1,1
Colombiano,65,28852,1,4,0,Soltero,Presencial,3,0,0
Estadounidense,75,23042,1,3,1,Casado,Online,5,0,0
Mexicano,49,42399,0,6,1,Soltero,Presencial,5,1,1
Brasileño,39,69639,0,4,0,Casado,Presencial,3,0,1
Colombiano,48,51061,2,7,1,Viudo,Online,4,1,0
Colombiano,52,45708,0,14,0,Divorciado,Presencial,4,1,1
Alemán,38,55887,1,3,0,Divorciado,Presencial,4,1,1
Brasileño,63,20085,2,5,0,Divorciado,Online,3,1,1
Mexicano,44,64894,0,7,0,Casado,Referido,3,0,1
Estadounidense,47,62668,2,7,1,Casado,Telefónico,1,1,0
Mexicano,49,46813,1,7,0,Soltero,Telefónico,3,1,1
Español,47,75118,0,4,1,Divorciado,Referido,4,1,1
Mexicano,52,32450,1,5,0,Casado,Referido,5,0,1
Colombiano,34,77558,2,5,1,Soltero,Telefónico,5,1,1
Español,35,58089,0,14,0,Casado,Online,4,1,1
Alemán,28,48268,1,4,1,Casado,Online,4,1,1
Estadounidense,47,54602,1,10,1,Casado,Presencial,2,0,1
Brasileño,51,52854,1,4,1,Divorciado,Telefónico,4,0,1
Mexicano,47,79405,0,14,0,Casado,Referido,1,1,1
Brasileño,62,33466,0,6,1,Divorciado,Online,3,1,0
Mexicano,41,39749,0,5,0,Casado,Telefónico,4,0,0
Estadounidense,50,75726,1,6,0,Casado,Online,3,1,1
Brasileño,28,43089,0,4,1,Divorciado,Online,1,0,0
Mexicano,37,73010,0,4,1,Divorciado,Online,5,0,1
Mexicano,50,88988,3,3,1,Soltero,Online,3,0,0
Español,52,46964,1,3,1,Soltero,Online,1,0,1
Español,38,68627,2,4,0,Casado,Telefónico,1,0,1
Argentino,41,31926,0,7,0,Casado,Referido,3,0,1
Argentino,23,70094,0,6,0,Casado,Referido,2,0,0
Colombiano,37,58988,2,3,1,Divorciado,Presencial,4,1,0
Estadounidense,52,64460,0,7,1,Soltero,Referido,3,1,1
Estadounidense,48,42088,2,6,0,Casado,Presencial,5,1,1
Mexicano,48,21778,1,14,1,Soltero,Presencial,2,0,0
Francés,42,65065,3,6,1,Divorciado,Telefónico,3,0,1
Colombiano,42,15000,2,4,1,Viudo,Presencial,4,1,1
Estadounidense,34,48652,1,5,1,Casado,Presencial,4,1,1
Canadiense,50,73823,2,6,1,Soltero,Online,4,0,1
Francés,47,58837,1,3,1,Casado,Telefónico,5,0,1
Mexicano,47,93966,1,3,0,Casado,Presencial,2,1,1
Colombiano,35,75502,0,3,0,Casado,Online,3,1,1
Canadiense,18,41922,1,4,0,Divorciado,Telefónico,5,0,1
Colombiano,55,55546,1,5,1,Viudo,Telefónico,1,1,0
Mexicano,36,54052,2,5,1,Casado,Referido,1,1,1
Alemán,31,23356,0,3,1,Casado,Online,2,1,1
Francés,50,36192,2,6,0,Casado,Presencial,4,0,1
Colombiano,37,43784,1,5,1,Casado,Presencial,3,1,0
Argentino,54,15000,1,4,1,Casado,Online,2,0,0
Francés,49,55949,0,3,1,Casado,Telefónico,3,1,1
Argentino,50,50018,0,3,1,Soltero,Presencial,4,1,1
Mexicano,25,21542,0,5,1,Casado,Presencial,2,0,0
Colombiano,56,63084,0,4,0,Soltero,Telefónico,3,1,1
Colombiano,45,69317,1,5,0,Casado,Telefónico,4,0,0
Estadounidense,37,59540,0,6,0,Casado,Telefónico,5,0,0
Español,43,48518,0,5,1,Casado,Telefónico,4,0,0
Francés,20,66828,2,4,0,Casado,Telefónico,4,1,1
Francés,46,68604,1,4,1,Casado,Telefónico,3,0,1
Canadiense,29,61148,1,6,1,Divorciado,Online,3,1,1
Mexicano,25,38507,3,7,0,Casado,Referido,3,0,0
Británico,23,60532,2,7,1,Viudo,Online,5,0,0
Brasileño,55,78909,1,5,0,Casado,Presencial,3,0,0
Mexicano,34,43067,0,5,0,Casado,Presencial,5,1,1
Francés,60,96958,0,5,1,Soltero,Telefónico,5,0,1
Alemán,35,44487,1,10,0,Casado,Referido,1,0,1
Canadiense,21,55648,1,3,1,Divorciado,Presencial,1,0,0
Colombiano,28,41550,1,14,1,Divorciado,Presencial,2,0,0
Estadounidense,56,59465,1,6,1,Viudo,Referido,3,1,1
Mexicano,40,20155,0,6,1,Casado,Referido,2,1,0
Estadounidense,35,44079,1,3,0,Casado,Presencial,5,0,1
Brasileño,43,33157,2,6,1,Casado,Online,1,0,0
Mexicano,48,57706,2,5,0,Casado,Telefónico,3,1,0
Estadounidense,55,74888,2,3,0,Soltero,Presencial,2,0,1
Estadounidense,59,67920,0,4,0,Divorciado,Referido,5,1,1
Colombiano,37,15000,2,10,0,Divorciado,Presencial,4,0,0
Francés,26,95841,0,5,1,Casado,Presencial,5,0,1
Estadounidense,37,60905,1,5,0,Casado,Presencial,5,1,1
Estadounidense,45,39470,2,3,1,Soltero,Presencial,3,1,1
Español,30,58142,3,6,1,Casado,Presencial,2,0,0
Canadiense,30,58523,2,6,1,Casado,Presencial,2,0,1
Mexicano,46,41663,0,6,1,Divorciado,Telefónico,2,0,0
Canadiense,41,58958,0,5,0,Casado,Presencial,4,1,0
Mexicano,42,42850,2,5,1,Casado,Referido,1,1,1
Mexicano,32,46912,2,5,1,Casado,Online,1,0,0
Canadiense,39,41274,1,4,0,Soltero,Telefónico,4,0,0
Estadounidense,30,26346,1,10,1,Divorciado,Presencial,4,0,1
Francés,52,57916,1,5,1,Casado,Presencial,4,0,1
Estadounidense,54,66705,0,4,0,Viudo,Online,3,0,0
Colombiano,19,65297,1,5,0,Casado,Online,5,1,0
Argentino,30,71398,1,7,0,Casado,Telefónico,4,0,0
Mexicano,24,61486,1,4,1,Soltero,Telefónico,2,0,0
Argentino,34,44345,1,4,1,Casado,Telefónico,4,1,1
Mexicano,40,71793,3,6,1,Casado,Online,5,0,0
Británico,24,27849,1,4,1,Casado,Referido,1,0,0
Mexicano,30,36986,1,7,1,Casado,Online,3,0,1
Estadounidense,29,35715,2,3,1,Soltero,Referido,3,0,0
Mexicano,44,76601,1,7,1,Viudo,Telefónico,2,1,1
Británico,42,73855,3,3,1,Viudo,Presencial,5,1,1
Canadiense,33,64746,0,3,1,Soltero,Presencial,3,0,0
Colombiano,44,76438,2,10,1,Divorciado,Online,4,0,1
Mexicano,35,37414,2,5,1,Casado,Telefónico,4,0,1
Español,38,61971,0,5,1,Casado,Online,4,1,1
Mexicano,62,52496,0,4,0,Casado,Telefónico,2,1,0
Alemán,58,71937,2,6,0,Viudo,Presencial,2,0,0
Mexicano,26,52695,3,5,1,Soltero,Presencial,1,0,0
Mexicano,51,47301,1,14,0,Casado,Presencial,2,0,0
Mexicano,51,65818,2,14,1,Casado,Online,3,1,1
Canadiense,28,72523,1,6,0,Casado,Telefónico,5,1,1
Colombiano,51,41633,1,5,0,Casado,Presencial,3,1,1
Mexicano,60,53778,1,5,0,Soltero,Online,4,0,0
Español,28,33831,0,6,0,Casado,Presencial,3,1,1
Canadiense,30,15000,1,3,0,Viudo,Presencial,4,1,0
Canadiense,54,59009,0,4,1,Divorciado,Telefónico,5,1,0
Canadiense,45,67178,1,3,1,Divorciado,Online,2,0,0
Estadounidense,48,60241,0,3,1,Casado,Telefónico,5,1,1
Colombiano,46,16008,1,4,1,Casado,Telefónico,4,0,1
Mexicano,46,47983,3,5,1,Casado,Referido,5,1,1
Mexicano,26,15000,0,7,1,Soltero,Presencial,4,0,0
Alemán,54,82394,0,5,1,Divorciado,Online,3,1,1
Francés,56,33278,3,4,1,Soltero,Telefónico,2,1,0
Estadounidense,39,80108,0,3,0,Divorciado,Telefónico,1,0,0
Estadounidense,41,73917,1,5,0,Soltero,Telefónico,4,1,1
Argentino,23,36988,0,4,0,Divorciado,Presencial,5,0,1
Estadounidense,48,32344,3,6,0,Soltero,Presencial,4,0,1
Mexicano,48,62007,2,14,1,Soltero,Online,3,0,1
Mexicano,41,38113,2,3,0,Casado,Telefónico,5,0,1
Español,55,57049,4,4,1,Casado,Presencial,4,1,1
Argentino,37,45343,0,5,1,Casado,Presencial,3,0,1
Mexicano,48,19376,1,14,1,Casado,Telefónico,1,1,0
Mexicano,29,15000,2,7,1,Soltero,Presencial,2,1,0
Mexicano,41,59533,1,10,0,Divorciado,Presencial,5,1,1
Argentino,39,43768,2,4,1,Casado,Presencial,5,1,0
Mexicano,44,43938,2,14,0,Casado,Presencial,3,0,1
Mexicano,37,68917,0,3,1,Casado,Online,3,1,1
Brasileño,40,78468,2,3,1,Casado,Online,4,0,1
Mexicano,51,49549,0,7,1,Casado,Presencial,5,1,1
Argentino,36,48188,2,10,1,Soltero,Presencial,4,1,1
Mexicano,22,65002,0,3,1,Casado,Presencial,4,1,1
Mexicano,62,27861,2,3,0,Casado,Telefónico,2,0,0
Mexicano,58,59463,1,3,0,Casado,Presencial,4,1,1
Español,26,66037,2,3,1,Casado,Online,2,1,0
Alemán,50,68604,3,4,1,Casado,Presencial,5,1,1
Brasileño,35,16264,1,14,1,Soltero,Presencial,3,0,0
Estadounidense,45,39772,1,6,0,Casado,Presencial,5,1,1
Argentino,45,37434,1,7,1,Casado,Presencial,3,0,0
Mexicano,39,56997,1,7,1,Soltero,Telefónico,5,1,1
Estadounidense,32,64614,3,5,1,Soltero,Online,3,1,0
Alemán,33,84934,1,7,1,Soltero,Telefónico,3,0,0
Mexicano,31,45100,0,5,1,Viudo,Presencial,4,0,0
Mexicano,32,45048,2,4,0,Casado,Presencial,1,1,0
Mexicano,41,77993,2,5,1,Soltero,Presencial,5,0,1
Mexicano,33,60931,0,5,0,Soltero,Telefónico,4,0,0
Mexicano,50,80353,1,7,0,Casado,Presencial,4,1,1
Colombiano,59,60774,0,14,1,Casado,Online,5,1,1
Estadounidense,35,31857,1,5,1,Casado,Presencial,5,1,1
Alemán,44,28337,1,7,1,Divorciado,Presencial,4,0,1
Brasileño,47,23969,1,3,1,Casado,Referido,5,0,1
Estadounidense,47,68241,3,7,1,Soltero,Online,1,1,0
Estadounidense,42,78771,0,5,0,Casado,Telefónico,2,1,1
Estadounidense,50,91987,1,3,1,Viudo,Telefónico,4,1,0
Colombiano,47,71862,3,5,0,Casado,Online,3,1,1
Estadounidense,27,78256,0,6,1,Casado,Presencial,3,0,1
Colombiano,52,43399,1,3,0,Casado,Online,3,0,1
Estadounidense,52,31871,0,10,1,Casado,Presencial,3,1,1
Colombiano,32,72001,1,3,1,Casado,Online,5,1,1
Canadiense,42,63353,1,10,0,Divorciado,Online,4,1,1
Estadounidense,50,57148,4,6,0,Casado,Telefónico,5,1,1
Francés,39,62747,1,4,0,Casado,Telefónico,4,1,1
Español,54,61463,0,5,0,Soltero,Telefónico,3,1,0
Mexicano,70,80676,1,6,0,Soltero,Presencial,3,0,1
Alemán,32,80899,1,6,1,Casado,Presencial,3,1,1
Canadiense,25,65884,1,6,1,Soltero,Presencial,5,1,1
Alemán,45,71916,0,5,1,Casado,Telefónico,1,0,1
Brasileño,50,65281,0,5,1,Casado,Referido,2,1,1
Estadounidense,39,45776,0,14,1,Casado,Presencial,5,0,1
Mexicano,59,70131,0,4,1,Divorciado,Presencial,4,1,1
Estadounidense,25,27110,1,5,1,Casado,Online,2,0,1
Colombiano,50,76077,1,4,1,Soltero,Referido,2,1,1
Argentino,34,31109,2,7,1,Casado,Online,5,1,1
Estadounidense,62,60716,1,7,0,Viudo,Presencial,5,1,1
Mexicano,65,38096,1,4,1,Casado,Referido,3,1,1
Brasileño,32,66067,2,3,1,Soltero,Telefónico,3,1,1
Británico,35,54321,1,3,0,Soltero,Presencial,5,0,1
Canadiense,52,23104,2,5,1,Casado,Referido,4,0,1
Mexicano,37,63413,0,5,0,Soltero,Online,5,1,1
Estadounidense,41,43441,2,14,0,Divorciado,Online,4,0,1
Mexicano,42,72622,0,5,0,Divorciado,Online,5,0,1
Francés,18,55026,2,4,1,Casado,Telefónico,3,0,1
Mexicano,41,62908,1,10,1,Casado,Telefónico,2,0,0
Colombiano,33,35848,1,5,1,Soltero,Presencial,4,1,1
Estadounidense,36,43213,3,5,0,Divorciado,Referido,4,1,1
Colombiano,59,45827,0,3,1,Casado,Presencial,5,0,0
Argentino,26,72134,1,5,1,Casado,Telefónico,1,1,0
Brasileño,51,88547,2,10,0,Casado,Online,5,0,0
Mexicano,38,38896,0,5,1,Casado,Presencial,3,1,1
Mexicano,38,76536,0,4,0,Casado,Presencial,4,0,0
Mexicano,51,15000,3,6,0,Casado,Referido,1,1,1
Francés,46,31116,1,10,1,Casado,Online,4,0,1
Alemán,48,35824,0,4,1,Casado,Telefónico,4,0,1
Colombiano,53,27949,1,5,0,Casado,Online,3,1,1
Colombiano,38,23328,0,14,0,Soltero,Telefónico,2,0,0
Argentino,34,63259,2,4,0,Casado,Online,4,1,0
Mexicano,28,50718,1,6,0,Casado,Presencial,5,1,1
Francés,32,62588,4,6,0,Casado,Online,3,0,0
Estadounidense,75,68809,1,6,0,Divorciado,Referido,3,1,1
Estadounidense,56,60312,1,5,1,Soltero,Online,3,0,1
Canadiense,25,68155,1,4,1,Soltero,Presencial,5,1,1
Mexicano,26,53609,2,6,1,Soltero,Referido,3,1,1
Mexicano,47,31260,1,4,1,Casado,Telefónico,1,0,1
Español,48,76156,0,5,0,Casado,Presencial,4,1,1
Mexicano,48,43217,2,4,0,Casado,Referido,4,0,1
Colombiano,38,36288,1,3,1,Soltero,Telefónico,2,1,1
Mexicano,40,51441,0,14,0,Casado,Presencial,5,0,1
Estadounidense,45,36743,2,5,0,Divorciado,Presencial,4,0,1
Estadounidense,43,46651,1,14,0,Divorciado,Telefónico,4,1,1
Estadounidense,18,61881,1,3,1,Viudo,Telefónico,3,0,1
Español,39,61966,0,5,1,Casado,Presencial,5,1,1
Estadounidense,31,37043,0,4,1,Divorciado,Presencial,2,1,0
Colombiano,44,45245,1,7,1,Soltero,Presencial,3,1,0
Canadiense,75,76486,3,7,1,Soltero,Online,2,1,1
Argentino,46,64928,1,3,0,Soltero,Presencial,4,1,1
Francés,38,96501,1,10,0,Casado,Presencial,4,0,1
Español,53,78602,5,4,0,Divorciado,Telefónico,4,1,1
Mexicano,47,77885,3,6,0,Soltero,Telefónico,2,1,1
Mexicano,47,27242,3,14,0,Casado,Online,4,0,1
Estadounidense,49,70277,2,10,0,Casado,Online,4,0,1
Colombiano,66,53937,2,14,0,Divorciado,Online,3,1,0
Mexicano,28,43980,1,4,0,Casado,Online,5,1,1
Canadiense,47,58360,1,3,1,Viudo,Referido,3,1,1
Colombiano,30,73904,0,4,1,Casado,Telefónico,4,1,1
Estadounidense,48,65016,3,5,1,Casado,Presencial,1,0,1
Español,30,37430,1,7,0,Casado,Online,4,1,0
Mexicano,36,69849,1,4,1,Casado,Online,5,1,1
Mexicano,38,42248,1,6,0,Soltero,Online,5,0,0
Español,53,59333,0,4,0,Casado,Online,3,0,1
Canadiense,53,48932,1,4,0,Casado,Telefónico,3,0,0
Argentino,27,50622,0,6,1,Casado,Telefónico,1,1,0
Canadiense,42,70324,3,5,1,Casado,Online,5,0,1
Mexicano,33,34196,3,7,0,Casado,Referido,4,0,1
Brasileño,26,93903,3,4,0,Casado,Telefónico,3,0,0
Brasileño,39,18578,0,7,1,Soltero,Telefónico,2,0,1
Argentino,38,43046,0,3,0,Casado,Referido,5,0,1
Estadounidense,71,62404,0,4,0,Soltero,Presencial,4,1,1
Colombiano,47,66686,1,6,0,Soltero,Presencial,3,0,1
Estadounidense,25,52990,0,7,1,Casado,Referido,3,1,1
Mexicano,35,53852,0,4,0,Soltero,Telefónico,3,1,0
Francés,54,63211,0,4,0,Viudo,Referido,4,1,1
Mexicano,67,50378,0,5,0,Casado,Presencial,5,1,1
Británico,22,82863,2,4,1,Viudo,Online,5,0,0
Canadiense,19,71786,1,7,1,Soltero,Presencial,3,0,0
Mexicano,64,72456,0,7,0,Casado,Online,5,0,1
Colombiano,46,35676,3,3,1,Casado,Presencial,3,1,1
Alemán,31,53412,0,5,1,Divorciado,Presencial,3,0,0
Español,48,48990,3,7,1,Casado,Presencial,5,1,1
Brasileño,18,34887,3,4,1,Casado,Online,3,1,0
Argentino,42,62203,3,6,1,Divorciado,Online,3,1,0
Argentino,45,44247,2,3,1,Casado,Presencial,5,1,1
Brasileño,53,68108,2,6,0,Soltero,Presencial,2,1,0
Mexicano,29,33596,2,4,1,Casado,Presencial,4,0,1
Canadiense,43,89380,3,7,1,Casado,Referido,5,1,1
Mexicano,30,37073,1,5,1,Casado,Presencial,4,0,0
Británico,45,59386,1,4,1,Casado,Presencial,1,1,1
Francés,31,70837,2,7,1,Soltero,Telefónico,3,1,1
Mexicano,37,43587,0,3,1,Casado,Online,2,0,0
Argentino,30,72049,2,5,1,Casado,Telefónico,3,1,1
Francés,49,30416,3,5,1,Casado,Online,4,0,1
Mexicano,52,84042,1,4,1,Casado,Referido,3,1,1
Colombiano,39,55282,1,10,1,Soltero,Presencial,3,1,0
Francés,42,43071,3,7,1,Soltero,Referido,4,1,1
Mexicano,24,49016,0,3,1,Soltero,Telefónico,4,0,0
Argentino,38,71178,0,6,1,Casado,Online,5,0,1
Estadounidense,41,43310,2,5,0,Casado,Telefónico,3,1,1
Francés,73,40012,3,10,0,Divorciado,Online,5,1,1
Británico,28,50569,2,4,1,Soltero,Presencial,4,0,1
Francés,59,31460,0,5,1,Casado,Presencial,3,0,0
Canadiense,53,91410,1,5,0,Casado,Referido,3,0,1
Alemán,45,43672,1,5,0,Casado,Online,3,1,1
Brasileño,63,71632,1,5,1,Divorciado,Online,4,0,0
Estadounidense,46,59189,1,4,1,Soltero,Telefónico,2,0,0
Brasileño,46,35309,0,7,1,Soltero,Online,5,1,1
Mexicano,41,54880,1,5,1,Casado,Presencial,4,0,0
Colombiano,56,70680,1,14,0,Casado,Telefónico,5,1,0
Mexicano,55,51234,3,4,0,Soltero,Telefónico,1,0,0
Mexicano,34,78862,0,6,0,Casado,Presencial,3,0,0
Mexicano,26,75430,0,10,1,Casado,Referido,1,1,1
Argentino,39,73378,0,6,0,Casado,Presencial,3,0,0
Estadounidense,32,45806,0,10,1,Soltero,Online,5,0,1
Español,41,33403,1,7,1,Casado,Presencial,1,0,1
Mexicano,56,42728,1,5,1,Casado,Online,3,0,1
Estadounidense,36,58924,1,6,1,Casado,Online,2,1,1
Colombiano,41,65915,0,4,0,Viudo,Online,3,0,0
Brasileño,42,15000,1,5,1,Soltero,Telefónico,5,1,1
Estadounidense,52,54837,0,4,0,Viudo,Presencial,4,1,0
Colombiano,18,58161,2,6,0,Casado,Telefónico,4,0,0
Alemán,34,49449,0,5,1,Casado,Online,3,0,1
Colombiano,44,80825,4,5,0,Casado,Referido,5,1,1
Mexicano,56,63435,0,4,1,Casado,Online,4,0,0
Mexicano,36,81203,1,14,1,Divorciado,Presencial,3,0,0
Alemán,19,50680,2,3,0,Divorciado,Presencial,3,0,0
Mexicano,49,73749,4,3,0,Soltero,Referido,5,1,0
Alemán,34,87701,0,4,1,Soltero,Telefónico,4,1,0
Canadiense,27,81233,2,14,1,Casado,Presencial,4,0,1
Francés,34,33157,1,14,1,Divorciado,Online,3,1,1
Brasileño,39,49926,0,6,1,Casado,Online,2,1,0
Británico,34,48096,1,10,1,Casado,Referido,4,0,1
Estadounidense,18,64785,1,4,1,Casado,Referido,4,1,1
Español,52,68727,1,14,0,Casado,Referido,4,1,1
Estadounidense,57,38222,1,3,1,Casado,Referido,4,1,1
Canadiense,49,56356,0,3,1,Casado,Referido,2,0,1
Colombiano,28,15000,1,3,1,Viudo,Presencial,4,1,0
Alemán,39,83838,2,5,1,Casado,Telefónico,5,1,1
Británico,41,44752,2,7,1,Casado,Telefónico,5,1,1
Español,49,56117,0,5,0,Casado,Referido,3,1,1
Estadounidense,50,48807,2,14,1,Casado,Online,3,0,0
Estadounidense,33,77920,1,5,1,Casado,Presencial,5,1,1
Español,42,15000,2,4,1,Soltero,Online,4,1,0
Mexicano,47,54667,1,5,0,Casado,Telefónico,4,0,0
Mexicano,59,52883,0,6,0,Casado,Presencial,5,0,1
Estadounidense,50,45927,2,7,1,Casado,Online,4,0,1
Estadounidense,51,89524,2,5,1,Casado,Online,4,1,1
Estadounidense,43,37253,2,5,0,Casado,Online,1,1,0
Mexicano,58,70435,5,4,1,Casado,Online,1,0,0
Mexicano,46,62125,2,6,0,Casado,Presencial,1,0,1
Mexicano,31,80230,0,14,1,Casado,Referido,5,1,1
Británico,58,41656,2,3,1,Casado,Telefónico,3,1,1
Estadounidense,50,40340,3,10,0,Divorciado,Presencial,3,0,1
Estadounidense,36,76921,1,5,1,Casado,Telefónico,5,0,1
Argentino,36,63506,0,4,1,Casado,Telefónico,4,0,1
Mexicano,45,24101,1,14,0,Casado,Presencial,4,1,1
Francés,47,44213,3,5,1,Casado,Online,3,1,1
Brasileño,44,62727,0,4,1,Casado,Online,5,1,1
Mexicano,45,71755,0,4,1,Casado,Online,2,0,1
Estadounidense,62,41415,1,4,0,Casado,Telefónico,1,1,1
Alemán,54,15000,0,7,0,Casado,Online,2,1,1
Francés,44,65464,1,6,1,Casado,Presencial,3,0,1
Canadiense,53,30593,1,10,0,Soltero,Referido,3,0,1
Colombiano,29,15000,0,4,1,Casado,Presencial,4,1,1
Mexicano,46,15000,0,3,0,Soltero,Telefónico,2,1,1
Británico,63,71279,1,3,1,Divorciado,Presencial,4,0,0
Mexicano,39,57572,3,5,1,Divorciado,Presencial,1,0,1
Francés,31,50486,1,14,1,Divorciado,Online,2,1,1
Argentino,34,82780,2,6,1,Divorciado,Presencial,4,1,1
Colombiano,28,67746,1,4,1,Casado,Online,5,1,1
Canadiense,32,87326,0,10,1,Divorciado,Presencial,5,0,1
Mexicano,37,27145,0,7,0,Soltero,Online,5,0,1
Mexicano,25,54308,1,3,1,Soltero,Telefónico,4,0,1
Mexicano,42,22665,0,7,1,Casado,Presencial,4,1,1
Mexicano,52,50412,1,4,0,Soltero,Referido,4,1,1
Español,31,50027,1,3,0,Viudo,Presencial,4,1,1
Estadounidense,60,67532,0,4,0,Casado,Presencial,2,0,0
Mexicano,48,55911,1,5,0,Casado,Telefónico,4,1,1
Británico,54,67468,1,5,1,Soltero,Online,3,1,1
Alemán,34,69068,1,4,1,Casado,Online,3,1,0
Francés,52,98098,2,4,1,Soltero,Presencial,4,1,1
Británico,28,48694,1,7,1,Divorciado,Telefónico,2,1,0
Mexicano,52,36179,1,14,0,Soltero,Online,3,1,1
Estadounidense,44,59921,1,7,0,Casado,Presencial,1,0,1
Español,48,38954,2,4,1,Soltero,Online,5,1,1
Argentino,27,84639,2,4,0,Soltero,Telefónico,2,0,0
Mexicano,31,49335,0,4,0,Casado,Online,3,1,0
Brasileño,49,43688,3,3,1,Soltero,Presencial,5,1,1
Mexicano,30,45573,0,5,1,Casado,Online,3,0,0
Mexicano,47,69368,1,6,0,Soltero,Presencial,2,1,0
Colombiano,25,51845,0,6,1,Casado,Online,3,1,1
Colombiano,52,42166,0,6,1,Casado,Telefónico,2,1,0
Colombiano,27,88307,1,4,0,Casado,Online,2,1,0
Mexicano,48,37876,0,4,1,Casado,Online,1,1,1
Alemán,49,55711,1,6,0,Divorciado,Referido,3,1,0
Estadounidense,33,68046,0,4,1,Soltero,Online,5,0,1
Mexicano,48,22373,0,4,1,Soltero,Online,4,0,0
Alemán,45,64605,1,5,1,Casado,Presencial,4,0,0
Británico,35,33897,0,4,0,Casado,Online,2,1,1
Alemán,29,71455,2,3,0,Casado,Online,3,0,1
Brasileño,18,35746,1,7,0,Casado,Online,5,1,0
Argentino,46,68855,1,7,1,Casado,Referido,1,0,1
Colombiano,23,77116,0,4,0,Soltero,Referido,5,1,1
Mexicano,43,72228,1,3,1,Casado,Telefónico,3,0,1
Estadounidense,38,60026,2,6,0,Casado,Online,5,1,1
Estadounidense,50,50373,1,4,1,Casado,Online,3,1,0
Estadounidense,38,43471,0,5,0,Viudo,Presencial,3,1,1
Español,38,84420,2,3,1,Casado,Presencial,4,1,1
Canadiense,50,41010,4,4,0,Viudo,Telefónico,4,1,1
Mexicano,46,34258,2,7,0,Casado,Online,2,1,0
Mexicano,45,68307,0,7,1,Soltero,Referido,5,1,1
Argentino,47,39077,4,4,1,Soltero,Presencial,1,0,1
Mexicano,23,35998,0,4,0,Casado,Online,1,1,1
Alemán,51,26127,0,3,0,Casado,Online,4,1,1
Canadiense,49,45341,0,3,1,Soltero,Online,4,0,1
Canadiense,29,53345,3,14,0,Casado,Referido,5,1,1
Colombiano,39,59861,0,6,1,Casado,Referido,3,1,1
Brasileño,41,74026,0,5,1,Soltero,Presencial,1,1,0
Estadounidense,40,65537,0,7,0,Casado,Presencial,4,1,1
Argentino,46,51182,1,7,1,Divorciado,Presencial,3,0,0
Colombiano,59,51036,0,7,1,Casado,Telefónico,3,0,1
Estadounidense,54,65203,1,3,1,Casado,Online,3,0,0
Alemán,26,80451,1,4,0,Casado,Telefónico,1,0,0
Brasileño,49,57526,1,6,1,Casado,Online,3,1,0
Argentino,57,45617,1,5,0,Soltero,Online,3,0,0
Alemán,46,35142,2,14,1,Casado,Telefónico,4,1,1
Alemán,55,26095,2,6,1,Casado,Online,4,1,1
Argentino,66,68325,0,14,0,Casado,Online,2,1,0
Brasileño,54,66559,1,4,1,Soltero,Presencial,2,0,0
Argentino,44,66547,0,7,1,Soltero,Online,3,0,0
Argentino,54,52426,1,4,1,Divorciado,Online,2,0,0
Colombiano,43,83138,0,14,1,Casado,Online,4,0,1
Español,42,45317,2,4,0,Casado,Referido,5,1,1
Mexicano,37,74105,2,5,0,Casado,Referido,4,1,1
Alemán,60,54225,1,7,0,Divorciado,Telefónico,4,0,1
Alemán,32,42832,3,5,0,Casado,Online,3,1,1
Mexicano,60,66850,2,5,1,Casado,Telefónico,3,0,1
Brasileño,47,63192,2,14,1,Divorciado,Online,5,1,0
Mexicano,25,62139,2,5,1,Casado,Presencial,5,0,0
Estadounidense,46,56625,1,6,1,Soltero,Presencial,3,1,0
Español,18,54242,2,3,1,Soltero,Presencial,3,0,0
Mexicano,49,102767,1,7,1,Casado,Presencial,4,0,1
Brasileño,52,78685,1,6,1,Divorciado,Online,2,0,0
Brasileño,34,69456,1,5,0,Casado,Referido,4,0,0
Canadiense,43,57235,0,3,1,Casado,Presencial,5,1,0
Mexicano,65,75143,0,5,0,Casado,Referido,2,0,0
Estadounidense,35,65359,0,3,0,Casado,Presencial,5,1,1
Colombiano,29,55524,2,3,0,Casado,Presencial,5,1,1
Británico,59,48928,3,6,1,Soltero,Online,5,1,1
Argentino,65,53381,1,4,1,Viudo,Telefónico,3,1,0
Estadounidense,42,15000,2,4,1,Casado,Presencial,2,0,1
Argentino,54,59212,1,6,1,Casado,Presencial,4,1,0
Colombiano,58,45230,2,3,0,Casado,Online,3,1,1
Español,33,86853,1,4,1,Soltero,Presencial,2,1,0
Mexicano,36,55386,3,3,1,Casado,Telefónico,3,1,1
Español,56,31220,0,5,0,Casado,Online,4,1,1
Colombiano,62,54002,0,6,1,Casado,Presencial,1,0,0
Británico,48,34077,0,6,0,Casado,Referido,3,1,1
Estadounidense,31,64468,1,4,1,Casado,Presencial,1,1,1
Argentino,65,60818,2,3,0,Divorciado,Telefónico,4,0,0
Francés,35,74156,0,3,0,Soltero,Telefónico,4,1,1
Mexicano,37,39182,0,5,1,Casado,Referido,1,0,0
Francés,46,55680,1,10,0,Casado,Online,5,0,1
Argentino,60,27699,0,4,0,Casado,Online,1,1,0
Mexicano,52,69029,2,4,1,Casado,Presencial,4,1,1
Estadounidense,46,65377,1,3,0,Casado,Telefónico,4,1,1
Argentino,47,64916,2,6,1,Viudo,Online,4,1,1
Mexicano,42,55032,1,6,1,Soltero,Online,1,0,0
Colombiano,48,63295,0,6,1,Casado,Referido,5,1,0
Estadounidense,18,87086,1,7,1,Soltero,Presencial,5,0,1
Colombiano,38,49298,1,5,0,Soltero,Referido,4,0,1
Mexicano,44,57772,1,3,0,Casado,Referido,3,0,0
Alemán,28,33277,1,4,1,Soltero,Online,1,1,0
Británico,46,37634,0,6,1,Viudo,Online,4,1,1
Británico,39,56956,3,6,0,Divorciado,Online,3,1,1
Español,63,77078,0,5,1,Casado,Referido,4,1,1
Mexicano,60,49874,2,6,1,Casado,Presencial,3,0,1
Español,36,50281,1,6,1,Casado,Online,4,1,1
Mexicano,40,46862,5,10,1,Divorciado,Telefónico,2,0,0
Mexicano,41,44304,1,5,0,Casado,Referido,2,0,1
Estadounidense,36,60899,1,7,1,Soltero,Telefónico,2,1,1
Canadiense,44,25054,1,4,0,Casado,Online,1,1,0
Español,32,80618,2,6,1,Casado,Presencial,4,1,1
Argentino,28,41691,1,10,1,Casado,Online,4,1,0
Canadiense,49,69438,1,5,1,Divorciado,Presencial,4,1,0
Estadounidense,49,29600,1,7,0,Divorciado,Referido,4,1,1
Británico,32,68376,0,6,1,Casado,Telefónico,4,0,1
Estadounidense,52,68438,1,3,1,Casado,Telefónico,3,0,0
Canadiense,34,62684,1,5,1,Viudo,Telefónico,3,0,0
Mexicano,45,35111,1,3,1,Casado,Online,3,0,1
Brasileño,51,59990,1,14,0,Casado,Presencial,4,0,1
Argentino,41,31338,1,7,1,Soltero,Presencial,2,1,1
Mexicano,47,49944,2,3,1,Divorciado,Presencial,1,1,1
Mexicano,35,75588,0,3,1,Casado,Telefónico,4,1,1
Argentino,39,70934,0,5,0,Soltero,Presencial,5,0,1
Argentino,39,55303,0,4,0,Viudo,Telefónico,4,0,0
Estadounidense,33,35503,0,3,1,Casado,Telefónico,4,0,1
Británico,39,67911,0,5,1,Divorciado,Online,4,1,0
Mexicano,23,55387,1,5,0,Soltero,Presencial,3,0,1
Canadiense,36,15000,1,3,0,Casado,Presencial,4,1,1
Francés,38,70652,2,7,1,Casado,Presencial,5,1,1
Estadounidense,38,54515,0,10,0,Casado,Telefónico,2,1,1
Argentino,39,79049,0,7,1,Casado,Presencial,3,0,1
Estadounidense,41,33094,0,7,1,Divorciado,Telefónico,2,1,0
Estadounidense,47,15000,1,4,1,Casado,Telefónico,3,1,1
Británico,52,60581,0,4,0,Divorciado,Presencial,5,1,1
Estadounidense,34,60831,0,4,1,Soltero,Telefónico,3,0,1
Alemán,27,21186,2,7,0,Casado,Telefónico,3,0,1
Mexicano,29,35430,1,10,1,Soltero,Telefónico,5,0,1
Mexicano,36,110104,0,6,0,Casado,Presencial,4,1,0
Mexicano,37,48887,1,10,1,Casado,Presencial,4,0,1
Argentino,32,69619,1,6,1,Divorciado,Presencial,5,1,0
Estadounidense,26,41986,1,5,1,Casado,Online,3,0,0
Alemán,36,15000,1,5,1,Casado,Telefónico,4,0,0
Canadiense,44,51594,1,3,1,Casado,Telefónico,1,1,1
Británico,49,49687,1,3,1,Soltero,Referido,2,0,0
Mexicano,35,47002,0,6,1,Soltero,Presencial,3,1,1
Alemán,37,52707,0,5,1,Casado,Presencial,3,1,0
Español,30,60285,3,5,0,Casado,Telefónico,5,1,1
Español,41,51997,2,5,1,Casado,Presencial,5,1,1
Brasileño,31,29719,1,4,0,Casado,Presencial,5,1,1
Español,48,64723,3,5,0,Casado,Online,3,1,1
Colombiano,20,16012,0,5,0,Casado,Presencial,5,0,0
Mexicano,37,15000,2,5,0,Viudo,Online,4,1,0
Mexicano,45,69783,0,7,1,Soltero,Presencial,3,1,0
Francés,44,65140,0,5,1,Casado,Online,4,1,1
Colombiano,74,53852,1,6,1,Casado,Telefónico,1,1,0
Brasileño,46,27091,1,10,1,Viudo,Presencial,2,1,1
Canadiense,29,40841,1,7,1,Soltero,Referido,5,1,1
Mexicano,40,49745,0,10,1,Casado,Online,4,0,0
Mexicano,20,23082,1,4,0,Casado,Referido,3,1,0
Argentino,41,40219,0,3,1,Casado,Presencial,4,1,1
Canadiense,32,68046,0,4,1,Soltero,Online,5,1,1
Mexicano,52,83546,0,4,1,Soltero,Online,4,0,1
Canadiense,35,46611,2,10,1,Casado,Telefónico,3,1,1
Mexicano,40,70129,2,6,1,Casado,Online,2,0,1
Colombiano,34,16718,2,3,0,Soltero,Online,3,1,1
Estadounidense,62,68189,0,3,0,Casado,Referido,5,0,1
Brasileño,38,38921,0,4,1,Soltero,Online,3,1,1
Estadounidense,63,61146,0,6,1,Viudo,Presencial,3,0,1
Canadiense,51,50044,2,6,1,Casado,Online,3,0,1
Mexicano,47,81408,3,7,0,Divorciado,Online,5,1,1
Mexicano,46,37511,1,10,0,Casado,Online,4,0,1
Estadounidense,46,67552,0,4,1,Divorciado,Online,4,0,0
Canadiense,18,49409,0,4,1,Casado,Referido,3,0,1
Colombiano,38,51833,2,4,1,Casado,Telefónico,1,1,1
Estadounidense,52,51322,2,5,0,Casado,Presencial,5,1,1
Argentino,41,38086,0,10,0,Casado,Presencial,5,0,1
Alemán,25,54718,2,5,1,Casado,Referido,5,1,1
Español,41,53747,2,6,0,Casado,Telefónico,5,0,1
Mexicano,62,59824,0,5,1,Soltero,Referido,5,1,1
Canadiense,56,56690,0,3,1,Casado,Presencial,4,1,0
Mexicano,41,70959,1,3,0,Casado,Telefónico,5,1,1
Mexicano,53,73470,2,5,1,Soltero,Telefónico,4,1,1
Británico,37,33987,3,6,1,Casado,Presencial,2,0,1
Mexicano,21,72375,3,4,0,Casado,Online,3,0,0
Canadiense,30,31273,1,6,0,Divorciado,Online,5,1,1
Colombiano,60,66757,0,7,1,Soltero,Online,3,0,0
Argentino,38,67394,2,5,1,Casado,Telefónico,5,0,0
Colombiano,39,16773,2,6,1,Divorciado,Telefónico,1,0,0
Mexicano,38,56859,1,5,1,Casado,Referido,3,0,1
Estadounidense,64,45630,1,6,1,Casado,Telefónico,3,1,1
Canadiense,61,39824,3,7,1,Divorciado,Online,1,0,1
Mexicano,68,82017,0,14,1,Casado,Online,2,0,0
Estadounidense,40,41926,1,4,1,Casado,Telefónico,2,1,1
Mexicano,45,38872,0,5,0,Viudo,Online,5,0,0
Mexicano,23,56513,1,4,1,Divorciado,Presencial,1,1,0
Estadounidense,59,68711,0,4,1,Casado,Online,3,0,1
Mexicano,27,52167,1,6,1,Soltero,Presencial,1,1,0
Colombiano,44,78327,2,10,1,Casado,Telefónico,4,0,1
Argentino,28,65619,2,5,0,Soltero,Presencial,4,0,1
Brasileño,34,15000,0,4,1,Soltero,Presencial,4,0,1
Mexicano,31,44410,2,4,0,Casado,Referido,3,1,1
Mexicano,34,43763,3,5,1,Divorciado,Telefónico,2,1,0
Mexicano,35,64587,0,4,1,Divorciado,Telefónico,4,1,1
Argentino,35,15000,1,4,1,Casado,Online,5,0,1
Argentino,52,105980,4,6,1,Casado,Telefónico,2,0,0
Mexicano,28,65620,1,3,1,Soltero,Telefónico,3,0,1
Francés,44,57977,3,5,0,Soltero,Online,2,0,1
Mexicano,56,78631,2,7,1,Soltero,Referido,2,0,1
Colombiano,35,101873,2,4,1,Casado,Presencial,4,1,1
Argentino,33,72414,2,6,1,Soltero,Referido,4,1,0
Alemán,39,73976,1,6,0,Divorciado,Online,2,1,0
Español,56,57613,0,6,1,Casado,Online,3,1,0
Brasileño,44,52169,1,5,0,Soltero,Presencial,5,1,1
Estadounidense,35,45484,4,4,1,Soltero,Online,5,0,1
Brasileño,47,38477,1,7,0,Casado,Online,5,1,1
Mexicano,28,41259,2,7,1,Divorciado,Referido,3,1,1
Alemán,50,27988,1,4,1,Casado,Referido,4,0,1
Colombiano,46,53482,2,3,0,Casado,Referido,3,0,0
Brasileño,38,21306,2,3,1,Casado,Presencial,1,1,1
Canadiense,31,58818,0,3,1,Casado,Referido,3,1,1
Argentino,31,54273,1,5,0,Viudo,Online,4,0,0
Canadiense,48,57938,0,3,1,Casado,Referido,3,1,1
Español,56,44557,4,4,0,Casado,Presencial,5,0,1
Mexicano,34,116537,0,7,0,Casado,Online,2,0,1
Mexicano,47,82202,1,4,0,Casado,Referido,3,0,1
Mexicano,18,30109,1,7,1,Casado,Referido,2,0,0
Mexicano,34,59657,0,6,1,Soltero,Telefónico,3,1,0
Alemán,41,42839,1,4,1,Casado,Telefónico,1,1,0
Mexicano,31,34710,0,6,1,Divorciado,Presencial,3,1,1
Británico,30,28198,1,6,0,Casado,Telefónico,3,0,0
Estadounidense,33,63644,0,5,1,Soltero,Online,3,1,0
Mexicano,45,41372,1,4,0,Divorciado,Presencial,4,0,1
Brasileño,39,74356,1,5,1,Casado,Presencial,3,0,1
Argentino,18,74875,1,10,0,Soltero,Presencial,4,1,1
Canadiense,18,82478,1,6,0,Casado,Telefónico,4,0,1
Colombiano,34,37952,3,4,1,Casado,Presencial,3,0,0
Español,47,64507,0,6,1,Casado,Online,5,0,0
Mexicano,18,67649,1,5,0,Casado,Online,4,0,0
Británico,36,45516,3,5,1,Casado,Online,3,1,1
Británico,35,39564,3,6,0,Casado,Telefónico,5,1,1
Argentino,58,87190,0,5,1,Casado,Telefónico,5,1,1
Mexicano,37,59549,1,7,1,Soltero,Online,5,1,1
Argentino,46,67719,2,6,0,Casado,Online,4,1,0
Mexicano,43,38558,1,6,0,Casado,Online,3,1,1
Mexicano,18,30614,0,4,0,Casado,Referido,3,0,0
Estadounidense,51,43611,0,7,0,Casado,Presencial,4,1,1
Canadiense,44,52519,1,10,0,Casado,Presencial,5,0,1
Alemán,48,33715,0,3,1,Soltero,Telefónico,4,1,1
Español,75,54803,1,5,1,Divorciado,Online,5,0,0
Español,18,21229,1,4,0,Soltero,Telefónico,3,1,0
Estadounidense,62,32599,0,7,1,Soltero,Presencial,3,1,0
Estadounidense,38,68418,0,6,1,Casado,Telefónico,5,1,1
Estadounidense,45,67075,1,3,1,Casado,Presencial,4,1,1
Británico,41,47162,3,10,1,Soltero,Online,5,0,1
Mexicano,36,34644,0,4,1,Divorciado,Presencial,4,1,0
Alemán,35,34451,4,7,1,Viudo,Telefónico,3,0,1
Colombiano,45,47534,0,5,0,Casado,Referido,4,0,1
Canadiense,23,67890,0,4,0,Casado,Online,5,0,0
Español,51,73564,0,4,1,Casado,Telefónico,4,0,1
Canadiense,37,45069,1,4,0,Casado,Telefónico,3,1,1
Alemán,28,31930,2,6,1,Casado,Referido,3,1,1
Francés,36,60356,2,5,0,Divorciado,Telefónico,4,1,1
Estadounidense,57,38529,0,3,1,Viudo,Presencial,1,0,1
Estadounidense,35,44634,1,3,0,Divorciado,Telefónico,4,0,1
Colombiano,46,81505,0,3,1,Casado,Online,2,0,1
Francés,33,71542,1,6,1,Soltero,Presencial,3,0,0
Mexicano,51,58159,1,6,0,Casado,Presencial,5,0,1
Colombiano,50,29561,2,3,0,Casado,Referido,3,0,1
Argentino,64,59227,0,5,1,Casado,Referido,5,1,1
Español,39,76253,0,3,0,Casado,Telefónico,3,1,1
Mexicano,50,47487,1,10,0,Casado,Referido,5,1,1
Español,43,82022,2,10,0,Casado,Telefónico,2,0,1
Francés,57,80854,2,6,1,Casado,Presencial,1,1,0
Mexicano,33,88274,1,10,1,Divorciado,Presencial,5,1,1
Mexicano,50,61104,2,7,1,Soltero,Presencial,4,0,1
Británico,39,66747,1,7,1,Soltero,Presencial,2,0,0
Mexicano,41,83283,0,5,1,Casado,Presencial,5,0,0
Alemán,43,63947,2,4,1,Casado,Online,4,0,1
Canadiense,45,44975,1,4,1,Casado,Telefónico,5,0,1
Mexicano,40,46029,3,4,0,Soltero,Referido,4,0,1
Alemán,44,59771,1,6,0,Casado,Online,3,0,1
Canadiense,60,29188,1,4,1,Casado,Referido,3,0,1
Canadiense,53,52134,2,4,1,Divorciado,Online,3,1,0
Estadounidense,52,76930,0,5,0,Divorciado,Referido,4,0,1
Colombiano,36,15000,0,4,0,Casado,Online,3,1,0
Mexicano,31,85689,2,5,1,Casado,Presencial,1,0,1
Estadounidense,53,77447,2,10,1,Divorciado,Referido,3,0,0
Británico,52,45804,3,6,0,Casado,Online,2,1,0
Estadounidense,59,65867,0,6,1,Casado,Online,5,1,1
Argentino,34,55062,1,5,1,Divorciado,Presencial,4,0,1
Estadounidense,39,79599,0,5,1,Casado,Telefónico,4,1,1
Español,22,74653,1,4,1,Divorciado,Referido,5,1,1
Mexicano,37,26998,1,10,0,Soltero,Presencial,4,0,0
Británico,53,66745,4,4,1,Casado,Referido,5,0,1
Canadiense,36,50887,2,3,1,Divorciado,Presencial,3,1,1
Mexicano,49,56656,0,7,1,Soltero,Online,2,0,0
Mexicano,39,40436,0,4,0,Casado,Presencial,3,0,0
Mexicano,45,89962,0,5,1,Soltero,Telefónico,3,0,0
Canadiense,28,75801,0,3,0,Divorciado,Presencial,5,1,1
Estadounidense,43,40204,0,3,0,Casado,Online,4,1,1
Brasileño,18,28307,0,4,1,Soltero,Presencial,3,1,0
Canadiense,39,47286,0,3,1,Casado,Presencial,4,1,1
Mexicano,22,63690,1,6,1,Casado,Telefónico,4,1,0
Colombiano,56,59804,1,7,1,Casado,Presencial,2,1,0
Argentino,51,80062,4,5,1,Casado,Presencial,4,1,1
Mexicano,47,70798,4,10,1,Divorciado,Presencial,5,1,1
Mexicano,60,74391,1,4,1,Casado,Online,5,0,1
Mexicano,30,61537,1,4,0,Casado,Telefónico,4,1,0
Español,62,27214,1,4,1,Soltero,Presencial,3,1,1
Argentino,53,51086,0,6,1,Divorciado,Presencial,1,1,1
Canadiense,39,76201,2,5,0,Soltero,Online,3,1,1
Brasileño,55,53969,0,6,1,Casado,Presencial,4,1,1
Brasileño,28,65061,0,7,1,Divorciado,Referido,3,1,0
Colombiano,32,48625,3,5,0,Soltero,Telefónico,2,1,0
Alemán,34,34403,2,6,1,Casado,Online,5,0,1
Mexicano,35,52533,1,10,1,Soltero,Presencial,5,0,1
Mexicano,29,61180,2,4,0,Casado,Telefónico,4,1,1
Estadounidense,56,41886,0,5,0,Casado,Telefónico,2,0,0
Mexicano,38,50285,0,6,1,Divorciado,Online,2,0,1
Colombiano,46,36210,1,6,1,Divorciado,Telefónico,2,0,1
Francés,35,77384,0,4,1,Casado,Telefónico,4,1,1
Mexicano,20,49110,3,5,1,Casado,Online,2,0,1
Mexicano,45,84055,4,5,1,Casado,Presencial,5,1,1
Canadiense,19,85574,1,5,1,Casado,Telefónico,5,1,1
Francés,41,53379,0,4,0,Casado,Presencial,3,0,0
Estadounidense,25,34831,1,10,0,Divorciado,Telefónico,3,0,1
Canadiense,65,15000,3,7,1,Casado,Telefónico,4,1,1
Mexicano,52,25559,1,5,1,Casado,Telefónico,5,1,1
Mexicano,43,27523,2,6,1,Casado,Online,5,0,1
Británico,57,82569,1,10,1,Casado,Presencial,1,0,1
Británico,31,57316,0,3,1,Soltero,Presencial,2,0,0
Mexicano,48,62792,0,4,1,Casado,Telefónico,4,0,1
Británico,44,15000,2,5,1,Casado,Referido,4,0,1
Argentino,45,31040,1,7,1,Casado,Telefónico,2,0,1
Alemán,57,72741,1,3,1,Casado,Presencial,4,1,1
Canadiense,50,60735,0,14,1,Casado,Referido,4,1,1
Canadiense,45,52055,3,5,0,Divorciado,Referido,2,1,1
Canadiense,22,66296,1,5,1,Viudo,Online,5,1,1
Argentino,30,87715,0,4,1,Casado,Online,1,1,1
Mexicano,40,50579,1,4,0,Soltero,Telefónico,4,1,1
Mexicano,43,56387,0,7,1,Viudo,Telefónico,4,0,0
Estadounidense,28,58851,0,14,1,Casado,Referido,3,0,1
Argentino,70,102842,0,5,0,Casado,Presencial,4,1,0
Mexicano,60,15000,2,14,1,Soltero,Online,4,1,1
Argentino,49,68664,0,7,0,Soltero,Telefónico,5,0,0
Británico,42,52703,0,5,0,Soltero,Referido,3,0,0
Mexicano,39,66335,1,6,1,Soltero,Referido,4,1,1
Argentino,30,41852,1,5,1,Divorciado,Referido,4,0,0
Canadiense,42,54020,0,5,1,Casado,Online,4,0,1
Alemán,45,69228,2,3,1,Casado,Telefónico,5,1,0
Mexicano,27,117258,3,6,1,Divorciado,Online,1,1,0
Argentino,46,71160,2,3,0,Casado,Online,3,1,0
Brasileño,40,38038,1,7,0,Divorciado,Presencial,4,1,1
Francés,19,46524,0,7,1,Viudo,Telefónico,2,1,0
Argentino,31,45931,0,4,0,Casado,Referido,5,1,1
Canadiense,37,19087,0,4,1,Viudo,Presencial,4,0,1
Colombiano,64,48398,2,5,1,Casado,Presencial,3,0,1
Alemán,48,69656,0,5,1,Soltero,Telefónico,5,1,0
Colombiano,25,29515,2,4,0,Casado,Online,3,0,1
Mexicano,47,75969,3,5,1,Casado,Referido,4,0,1
Francés,23,64755,2,4,1,Divorciado,Presencial,1,0,0
Argentino,54,40315,0,3,0,Casado,Presencial,3,0,1
Argentino,36,52169,0,3,1,Casado,Online,2,0,0
Mexicano,40,86966,0,3,1,Soltero,Presencial,4,1,0
Argentino,57,69670,2,7,1,Casado,Presencial,3,0,0
Estadounidense,26,55175,0,14,0,Soltero,Presencial,3,0,1
Argentino,25,50246,3,5,0,Casado,Presencial,3,1,1
Mexicano,34,56532,1,5,1,Divorciado,Presencial,2,1,1
Argentino,54,44764,1,3,0,Soltero,Referido,5,0,1
Británico,23,15000,1,5,0,Casado,Presencial,1,1,1
Mexicano,18,95843,1,3,0,Soltero,Online,5,1,1
Británico,36,58106,1,6,0,Soltero,Referido,4,1,1
Estadounidense,48,62962,1,10,0,Casado,Telefónico,4,0,1
Alemán,56,53841,0,4,0,Soltero,Online,3,1,1
Brasileño,36,40297,0,7,1,Casado,Telefónico,5,1,1
Colombiano,37,51281,2,3,1,Soltero,Telefónico,3,1,1
Español,55,23012,2,5,1,Soltero,Referido,4,0,0
Alemán,19,100541,1,3,1,Casado,Online,5,1,1
Estadounidense,37,30309,2,5,1,Casado,Referido,5,1,1
Estadounidense,44,34360,1,4,1,Soltero,Online,4,0,1
Argentino,47,46194,0,5,1,Casado,Presencial,5,0,0
Brasileño,35,80761,1,5,1,Divorciado,Referido,4,1,1
Español,42,55290,0,4,1,Casado,Online,2,0,0
Brasileño,18,30277,1,6,1,Soltero,Referido,3,1,1
Canadiense,34,80086,3,10,1,Casado,Presencial,3,0,1
Brasileño,47,69620,0,5,1,Casado,Online,3,0,0
Mexicano,30,65768,1,4,0,Soltero,Referido,4,1,1
Colombiano,42,69314,1,4,0,Divorciado,Presencial,4,0,0
Mexicano,47,102887,0,7,0,Divorciado,Referido,1,1,1
Estadounidense,37,98701,0,5,0,Divorciado,Referido,5,1,1
Estadounidense,44,41265,1,5,0,Divorciado,Referido,3,1,1
Estadounidense,30,87477,0,3,1,Casado,Online,5,1,1
Argentino,39,62663,2,5,1,Casado,Online,5,1,1
Estadounidense,49,64981,0,4,1,Casado,Referido,5,0,1
Canadiense,43,21154,3,10,0,Divorciado,Telefónico,5,1,0
Mexicano,34,51592,1,10,1,Casado,Online,2,0,1
Estadounidense,44,38743,0,3,1,Casado,Referido,4,0,1
Mexicano,50,71561,3,5,0,Casado,Telefónico,2,1,1
Mexicano,18,76421,0,4,1,Divorciado,Referido,3,1,0
Colombiano,55,15000,3,5,1,Soltero,Presencial,4,0,0
Argentino,37,54559,0,10,1,Casado,Presencial,1,0,0
Colombiano,47,77437,1,5,0,Viudo,Online,5,1,1
Canadiense,56,51266,3,4,1,Casado,Online,5,0,1
Estadounidense,25,69581,1,4,1,Viudo,Telefónico,3,1,1
Alemán,33,62023,1,7,1,Casado,Presencial,4,1,0
Canadiense,38,61833,1,6,1,Soltero,Referido,3,0,1
Canadiense,32,49573,1,5,1,Divorciado,Presencial,5,0,1
Mexicano,62,30668,0,4,1,Casado,Online,4,1,0
Estadounidense,31,32569,1,4,0,Casado,Presencial,3,0,1
Estadounidense,35,69187,2,14,1,Casado,Online,3,0,1
Estadounidense,44,55389,1,5,0,Casado,Presencial,3,0,1
Colombiano,27,52229,0,5,1,Casado,Presencial,5,0,0
Colombiano,37,46522,2,5,1,Casado,Telefónico,2,0,1
Colombiano,45,48896,1,7,0,Casado,Presencial,1,1,1
Español,38,75938,1,4,1,Divorciado,Presencial,5,1,1
Brasileño,40,48295,3,4,1,Casado,Telefónico,5,1,0
Español,35,28178,1,5,0,Soltero,Presencial,5,1,1
Británico,23,69873,1,6,1,Casado,Online,4,0,0
Mexicano,45,50902,1,6,0,Casado,Presencial,4,0,0
Mexicano,63,55627,1,10,1,Divorciado,Presencial,4,1,0
Mexicano,42,87151,1,5,0,Soltero,Telefónico,1,1,1
Argentino,44,54588,2,3,1,Divorciado,Presencial,4,1,1
Alemán,50,60783,1,14,1,Casado,Referido,1,1,1
Mexicano,26,31421,1,5,1,Casado,Referido,3,1,1
Francés,62,50606,2,6,0,Soltero,Presencial,5,0,0
Mexicano,44,67190,0,6,1,Casado,Referido,3,1,1
Francés,61,23892,0,5,1,Soltero,Presencial,5,1,0
Estadounidense,33,59016,1,4,0,Casado,Presencial,3,1,1
Mexicano,63,57015,1,7,1,Casado,Presencial,3,1,0
Canadiense,51,55825,1,7,0,Divorciado,Online,4,1,1
Estadounidense,48,75743,1,5,1,Casado,Online,4,1,1
Estadounidense,44,61688,3,5,1,Casado,Presencial,4,1,1
Estadounidense,39,84561,0,3,1,Casado,Telefónico,5,1,1
Brasileño,56,35128,3,3,1,Casado,Telefónico,1,1,1
Colombiano,43,57718,1,4,1,Viudo,Online,5,1,1
Estadounidense,18,56689,2,4,0,Casado,Telefónico,2,0,1
Colombiano,28,33614,1,14,1,Casado,Referido,5,1,0
Español,39,74125,1,7,1,Soltero,Presencial,3,1,1
Estadounidense,45,101493,1,6,1,Casado,Presencial,5,1,1
Estadounidense,41,54659,2,5,1,Casado,Online,4,0,1
Mexicano,56,65100,0,4,0,Soltero,Online,2,1,1
Mexicano,18,56690,1,14,1,Divorciado,Online,5,0,0
Argentino,43,40728,1,5,0,Casado,Presencial,2,1,1
Mexicano,20,18584,1,3,0,Casado,Telefónico,2,0,0
Canadiense,51,40884,0,5,1,Soltero,Online,5,1,1
Argentino,40,27160,0,10,0,Casado,Online,2,0,0
Mexicano,47,89082,1,10,0,Divorciado,Presencial,2,0,1
Colombiano,31,52697,3,3,1,Divorciado,Online,4,1,1
Estadounidense,57,48081,0,10,0,Casado,Online,5,0,0
Británico,54,72783,1,4,0,Soltero,Online,2,1,0
Canadiense,49,32564,1,3,0,Casado,Referido,4,1,1
Brasileño,40,39662,1,7,0,Casado,Online,4,1,1
Colombiano,48,56361,1,7,1,Casado,Presencial,5,0,0
Mexicano,33,75575,1,5,1,Viudo,Online,5,1,1
Argentino,52,65033,2,5,1,Casado,Telefónico,4,0,0
Británico,61,59966,2,7,1,Soltero,Telefónico,4,1,1
Colombiano,54,56562,1,7,0,Divorciado,Online,3,1,1
Brasileño,33,63004,1,10,0,Soltero,Presencial,2,0,1
Alemán,46,59033,2,5,0,Viudo,Online,4,0,0
Mexicano,26,34400,1,14,1,Casado,Online,5,0,1
Mexicano,48,55921,0,14,1,Divorciado,Referido,4,1,1
Colombiano,47,33526,5,3,1,Soltero,Online,1,0,1
Estadounidense,19,56621,2,7,0,Soltero,Telefónico,3,1,0
Brasileño,28,45387,2,5,0,Casado,Online,4,1,1
Francés,38,105787,2,5,1,Casado,Online,4,1,1
Estadounidense,38,54202,2,6,0,Casado,Telefónico,4,1,1
Mexicano,27,26915,3,3,1,Viudo,Online,4,0,0
Brasileño,46,52316,1,5,1,Divorciado,Referido,2,1,1
Estadounidense,45,65387,2,10,1,Casado,Online,5,1,0
Brasileño,39,88467,0,4,1,Soltero,Presencial,4,1,1
Estadounidense,32,43210,5,5,1,Casado,Telefónico,2,0,1
Argentino,54,23351,1,10,1,Casado,Presencial,3,0,0
Mexicano,61,71336,2,5,1,Casado,Presencial,5,0,1
Colombiano,36,27388,1,5,0,Divorciado,Online,5,0,0
Canadiense,34,46276,0,5,1,Soltero,Telefónico,3,0,1
Colombiano,47,49847,0,5,1,Casado,Online,1,0,0
Mexicano,37,53607,0,6,0,Soltero,Presencial,1,1,0
Español,40,68783,0,7,1,Casado,Online,3,0,1
Alemán,50,41327,1,5,0,Casado,Online,4,1,1
Mexicano,19,49525,0,7,1,Casado,Referido,4,0,0
Mexicano,57,54714,2,5,1,Soltero,Online,4,1,1
Mexicano,42,57991,2,4,0,Soltero,Telefónico,4,1,1
Argentino,37,56956,0,6,0,Soltero,Presencial,1,1,1
Colombiano,40,63720,3,6,1,Casado,Telefónico,2,1,0
Colombiano,41,71876,1,5,1,Soltero,Telefónico,3,0,0
Mexicano,21,62852,0,3,1,Casado,Referido,2,1,0
Estadounidense,59,64071,1,4,0,Divorciado,Presencial,1,0,1
Colombiano,42,23355,1,4,1,Casado,Online,4,0,1
Canadiense,47,56004,1,4,1,Casado,Telefónico,5,0,1
Británico,53,64590,1,6,0,Soltero,Presencial,4,1,1
Mexicano,29,69578,1,3,0,Casado,Online,5,0,1
Argentino,47,41152,0,7,0,Casado,Referido,4,1,0
Estadounidense,38,41819,2,4,0,Soltero,Online,4,0,1
Estadounidense,52,43517,1,4,1,Soltero,Referido,3,1,0
Español,18,65728,1,5,0,Divorciado,Presencial,5,1,1
Argentino,40,75677,1,4,1,Divorciado,Telefónico,2,0,0
Británico,34,46850,3,10,1,Soltero,Online,2,0,1
Mexicano,47,73159,1,3,0,Casado,Online,3,1,0
Mexicano,47,57469,3,5,1,Viudo,Referido,5,0,1
Español,33,52514,4,7,0,Soltero,Presencial,5,1,0
Colombiano,33,50772,0,6,1,Casado,Referido,4,1,1
Estadounidense,40,69932,1,4,0,Viudo,Telefónico,4,0,1
Mexicano,31,61511,1,5,1,Viudo,Presencial,4,0,1
Mexicano,52,100516,3,6,1,Casado,Referido,5,0,1
Alemán,37,37955,1,14,1,Soltero,Online,4,0,0
Mexicano,18,65362,1,10,1,Soltero,Telefónico,5,0,0
Estadounidense,37,44415,1,4,1,Divorciado,Online,3,0,1
Mexicano,29,37614,2,14,0,Divorciado,Referido,3,0,0
Estadounidense,22,54782,2,3,1,Casado,Online,5,0,1
Mexicano,27,57747,0,3,1,Casado,Presencial,2,1,0
Canadiense,43,113363,1,7,1,Casado,Online,5,1,1
Mexicano,57,51317,0,4,0,Casado,Presencial,4,1,0
Brasileño,45,32396,2,3,0,Divorciado,Online,5,0,1
Mexicano,34,60460,0,4,1,Casado,Presencial,3,0,0
Colombiano,47,15000,1,5,1,Casado,Presencial,4,1,1
Alemán,36,53160,2,6,0,Soltero,Presencial,3,1,1
Argentino,33,55320,0,6,1,Casado,Online,4,0,1
Colombiano,28,70892,0,4,1,Casado,Online,4,0,1
Estadounidense,20,74472,0,5,1,Casado,Online,5,1,1
Estadounidense,37,44928,0,10,1,Divorciado,Presencial,4,1,1
Argentino,43,51987,1,7,0,Casado,Telefónico,3,0,0
Británico,40,39677,2,4,0,Divorciado,Telefónico,5,1,1
Argentino,37,32438,0,14,0,Soltero,Online,3,1,0
Colombiano,30,61197,0,6,1,Casado,Referido,3,1,1
Español,49,29528,0,3,1,Soltero,Online,2,1,1
Canadiense,26,46707,1,3,0,Divorciado,Telefónico,5,0,1
Mexicano,51,35096,2,4,1,Soltero,Presencial,3,1,1
Colombiano,29,65993,2,6,1,Casado,Presencial,3,1,1
Británico,32,91028,0,4,0,Casado,Referido,5,1,1
Mexicano,24,28968,1,5,0,Casado,Telefónico,5,1,1
Argentino,35,17939,1,3,1,Viudo,Presencial,2,1,0
Mexicano,53,52502,2,10,0,Divorciado,Online,4,0,1
Colombiano,48,55313,2,4,1,Casado,Telefónico,5,0,1
Mexicano,53,59373,2,10,1,Soltero,Telefónico,1,1,0
Canadiense,48,46073,2,10,1,Casado,Referido,5,0,1
Español,28,50987,0,3,1,Casado,Presencial,4,0,1
Estadounidense,38,62350,1,5,1,Divorciado,Online,4,0,0
Argentino,32,75808,3,3,1,Viudo,Presencial,3,1,0
Brasileño,57,15899,1,10,1,Soltero,Online,4,0,0
Francés,27,47621,1,5,1,Casado,Presencial,1,1,1
Mexicano,52,59276,1,3,0,Casado,Referido,4,0,0
Estadounidense,52,36640,0,3,0,Soltero,Online,1,0,1
Mexicano,63,89623,4,5,1,Casado,Telefónico,3,0,1
Británico,37,42291,2,10,1,Casado,Presencial,2,0,1
Francés,50,54174,0,6,0,Casado,Presencial,5,1,1
Colombiano,69,66120,1,7,0,Casado,Presencial,3,1,0
Brasileño,34,43174,2,5,1,Casado,Online,3,1,0
Canadiense,23,18068,1,3,0,Soltero,Telefónico,3,0,0
Colombiano,19,46426,1,14,1,Divorciado,Online,4,1,1
Mexicano,50,75588,1,3,1,Casado,Presencial,3,0,1
Español,19,48262,1,10,1,Divorciado,Presencial,4,0,0
Mexicano,37,38071,0,5,0,Casado,Presencial,1,1,0
Brasileño,47,73513,0,3,0,Divorciado,Telefónico,2,1,1
Brasileño,44,48384,2,6,0,Divorciado,Online,4,0,1
Argentino,47,44796,3,14,0,Casado,Telefónico,5,0,1
Mexicano,44,57989,0,14,1,Casado,Telefónico,1,1,1
Estadounidense,57,70415,2,4,1,Divorciado,Presencial,1,0,1
Estadounidense,30,102634,2,4,0,Casado,Presencial,2,1,1
Estadounidense,33,71544,3,5,0,Divorciado,Telefónico,4,1,1
Mexicano,32,78196,1,6,0,Casado,Telefónico,3,1,1
Francés,51,44880,1,6,1,Casado,Online,5,0,1
Colombiano,52,34482,2,4,1,Soltero,Presencial,1,1,1
Estadounidense,47,56246,2,14,1,Casado,Presencial,2,0,1
Estadounidense,56,57143,0,6,1,Viudo,Presencial,3,0,1
Canadiense,27,33429,3,7,1,Casado,Presencial,4,1,1
Colombiano,62,51494,0,5,1,Soltero,Presencial,4,0,0
Canadiense,60,62986,1,5,0,Casado,Online,2,0,0
Francés,50,62207,0,14,1,Casado,Presencial,5,1,1
Canadiense,63,65085,2,5,0,Casado,Presencial,3,1,1
Británico,22,60819,0,7,1,Casado,Referido,4,0,1
Alemán,35,44859,4,14,0,Casado,Online,4,0,1
Mexicano,33,44721,1,6,1,Soltero,Referido,2,0,1
Francés,50,31020,1,5,0,Casado,Presencial,5,0,1
Mexicano,29,90695,3,3,1,Casado,Telefónico,5,1,1
Brasileño,51,55269,0,3,0,Divorciado,Presencial,3,1,1
Estadounidense,58,50502,1,4,1,Divorciado,Online,4,1,0
Alemán,50,36424,4,4,1,Casado,Presencial,3,0,1
Alemán,45,113713,1,4,0,Casado,Presencial,4,0,1
Brasileño,30,33533,1,4,1,Casado,Referido,3,0,1
Brasileño,31,46423,1,5,1,Casado,Online,5,0,0
Estadounidense,56,63316,1,5,0,Casado,Referido,2,0,1
Mexicano,51,67004,3,3,1,Divorciado,Presencial,1,0,0
Estadounidense,41,74158,0,3,1,Casado,Presencial,3,0,1
Mexicano,36,91152,2,6,1,Divorciado,Online,2,1,1
Argentino,18,65123,1,5,0,Soltero,Telefónico,4,1,1
Estadounidense,29,33879,0,5,1,Soltero,Online,2,1,1
Británico,64,49861,7,6,1,Viudo,Referido,4,0,1
Argentino,26,61156,2,7,1,Casado,Presencial,2,1,0
Brasileño,44,96364,1,5,1,Casado,Telefónico,4,1,0
Mexicano,54,27043,1,6,0,Casado,Presencial,4,0,1
Alemán,26,79051,0,14,0,Soltero,Presencial,5,1,1
Francés,44,58598,2,7,1,Casado,Online,5,1,1
Canadiense,53,71756,0,5,1,Soltero,Online,5,1,1
Colombiano,42,52960,0,6,1,Casado,Presencial,4,0,1
Español,75,38151,0,4,0,Casado,Presencial,3,0,1
Mexicano,21,70017,1,5,1,Divorciado,Online,4,1,1
Canadiense,54,68088,1,14,0,Casado,Online,5,0,1
Estadounidense,39,74441,0,5,1,Soltero,Presencial,1,1,1
Mexicano,51,54733,0,10,1,Casado,Presencial,4,1,1
Estadounidense,47,43003,0,5,1,Soltero,Presencial,2,0,1
Mexicano,33,23824,3,14,0,Soltero,Referido,4,1,1
Mexicano,44,71387,0,5,1,Soltero,Referido,3,1,1
Mexicano,19,63477,2,3,1,Casado,Online,4,0,0
Británico,49,35684,2,5,1,Soltero,Referido,4,0,1
Colombiano,45,44228,1,4,0,Casado,Telefónico,5,1,0
Británico,49,45664,1,3,1,Divorciado,Presencial,4,1,1
Canadiense,54,25340,1,7,0,Casado,Presencial,5,0,1
Estadounidense,46,38646,1,4,1,Soltero,Referido,3,0,1
Canadiense,43,32323,4,7,0,Soltero,Online,3,1,1
Canadiense,31,46750,1,4,0,Casado,Telefónico,3,1,1
Mexicano,33,40226,1,4,0,Divorciado,Referido,3,0,0
Argentino,56,22459,1,14,0,Soltero,Online,3,1,0
Mexicano,59,95451,2,5,0,Divorciado,Presencial,4,0,1
Colombiano,39,80050,1,6,1,Casado,Presencial,4,0,1
Argentino,42,39419,1,6,0,Casado,Presencial,4,1,1
Mexicano,31,60448,3,5,1,Viudo,Presencial,3,0,0
Mexicano,56,63349,0,10,0,Casado,Online,3,1,0
Brasileño,49,78821,0,6,1,Divorciado,Presencial,4,0,1
Canadiense,65,38627,0,5,1,Casado,Presencial,2,1,1
Mexicano,31,76842,0,7,0,Casado,Online,3,0,1
Británico,37,44041,1,4,1,Casado,Presencial,1,0,0
Mexicano,44,28282,3,5,0,Casado,Online,1,1,1
Argentino,49,69482,1,14,1,Casado,Online,2,0,0
Británico,39,80815,0,6,1,Soltero,Online,1,1,1
Mexicano,31,106758,1,7,0,Soltero,Referido,2,1,0
Mexicano,52,31005,3,6,0,Casado,Presencial,4,1,1
Mexicano,50,68978,0,7,0,Casado,Presencial,1,1,1
Estadounidense,31,46803,2,10,0,Divorciado,Referido,3,1,1
Mexicano,58,70667,0,4,1,Casado,Online,5,1,0
Argentino,56,25590,0,4,1,Casado,Telefónico,4,1,0
Mexicano,43,29744,1,5,0,Soltero,Presencial,3,1,0
Canadiense,42,39482,1,6,0,Divorciado,Telefónico,5,0,1
Británico,48,56579,3,4,0,Casado,Referido,3,1,1
Brasileño,31,42178,0,3,0,Casado,Online,1,0,0
Colombiano,42,68181,1,4,1,Casado,Presencial,5,0,0
Estadounidense,18,75537,2,14,0,Casado,Referido,5,0,1
Colombiano,52,66991,1,6,1,Casado,Telefónico,3,1,1
Canadiense,23,87375,1,5,0,Viudo,Telefónico,4,1,1
Estadounidense,60,63316,1,4,0,Soltero,Presencial,4,1,1
Mexicano,38,30662,1,5,1,Casado,Telefónico,2,0,0
Alemán,39,82267,0,4,1,Viudo,Presencial,2,0,1
Canadiense,34,42896,2,3,1,Casado,Presencial,3,1,1
Mexicano,38,73208,1,10,1,Divorciado,Online,5,0,1
Estadounidense,59,86474,1,14,1,Divorciado,Presencial,1,0,1
Estadounidense,18,64133,2,4,0,Casado,Telefónico,4,0,1
Brasileño,57,25076,0,3,1,Soltero,Online,1,1,0
Español,46,36635,0,4,1,Casado,Presencial,3,0,0
Español,27,81454,0,5,0,Soltero,Telefónico,4,0,0
Mexicano,29,51617,2,4,1,Divorciado,Referido,4,1,1
Estadounidense,62,56591,4,4,0,Divorciado,Presencial,1,0,0
Canadiense,30,70176,0,4,0,Casado,Online,3,1,1
Mexicano,28,68926,0,7,1,Casado,Presencial,4,0,1
Estadounidense,55,60575,0,6,1,Soltero,Online,1,0,0
Español,46,50826,1,6,1,Casado,Presencial,2,1,0
Mexicano,30,48746,1,5,0,Casado,Online,4,1,1
Colombiano,44,72157,1,10,1,Divorciado,Presencial,4,1,1
Mexicano,29,66071,0,14,1,Casado,Referido,2,1,0
Mexicano,55,49853,1,4,0,Divorciado,Online,4,0,1
Mexicano,54,76642,1,4,1,Casado,Online,5,0,1
Británico,48,52419,0,5,1,Casado,Online,1,0,0
Brasileño,46,37966,1,3,1,Casado,Online,4,1,1
Británico,63,39820,0,5,0,Divorciado,Online,1,1,0
Canadiense,41,35425,2,5,0,Casado,Online,1,1,1
Mexicano,27,49551,0,5,1,Casado,Online,2,0,0
Colombiano,47,79674,1,4,1,Soltero,Presencial,3,1,1
Canadiense,67,38898,2,5,1,Casado,Presencial,5,1,1
Brasileño,29,58769,0,14,0,Casado,Online,3,1,0
Mexicano,37,41866,4,4,1,Casado,Telefónico,4,1,1
Canadiense,46,49793,0,6,1,Soltero,Presencial,3,1,1
Mexicano,41,24799,1,3,0,Casado,Presencial,2,0,0
Estadounidense,30,50589,0,3,1,Soltero,Presencial,4,0,0
Español,55,51125,1,5,1,Divorciado,Referido,4,0,0
Canadiense,69,65805,2,3,0,Casado,Telefónico,5,0,1
Estadounidense,44,59465,3,3,0,Casado,Online,5,0,1
Estadounidense,31,31032,0,4,1,Soltero,Referido,3,0,0
Canadiense,23,76683,1,5,1,Casado,Online,4,0,1
Brasileño,45,59206,2,6,1,Casado,Referido,2,1,1
Alemán,55,58967,2,4,0,Divorciado,Presencial,4,1,1
Británico,47,54816,3,6,0,Casado,Presencial,5,1,1
Brasileño,41,44644,0,4,1,Soltero,Online,1,0,0
Estadounidense,34,59356,4,6,1,Casado,Online,3,0,1
Argentino,28,64511,1,5,0,Soltero,Online,4,0,0
Canadiense,52,20062,2,6,1,Viudo,Presencial,4,1,1
Estadounidense,52,44224,2,14,0,Viudo,Online,2,1,1
Brasileño,23,49901,3,10,0,Casado,Presencial,5,0,1
Mexicano,61,60123,0,3,0,Casado,Presencial,4,1,0
Francés,48,78866,1,10,0,Divorciado,Referido,2,0,1
Canadiense,58,39565,1,3,1,Casado,Referido,1,1,0
Argentino,25,45040,2,14,1,Casado,Referido,4,0,1
Argentino,25,44749,0,4,1,Viudo,Telefónico,1,0,0
Alemán,40,38969,2,5,1,Casado,Telefónico,2,1,1
Argentino,48,48056,1,3,1,Casado,Online,4,1,0
Colombiano,63,70416,1,3,1,Divorciado,Presencial,4,1,1
Mexicano,50,33923,0,6,1,Casado,Presencial,4,1,1
Canadiense,39,63556,2,10,1,Casado,Presencial,3,0,1
Mexicano,29,20961,1,6,1,Soltero,Referido,4,0,0
Español,56,43773,2,6,1,Casado,Presencial,5,1,1
Canadiense,30,48410,0,7,0,Soltero,Referido,3,1,1
Argentino,61,88497,1,4,1,Casado,Online,4,1,1
Mexicano,38,49503,1,3,1,Casado,Telefónico,5,0,1
Mexicano,61,15000,1,3,1,Viudo,Presencial,4,1,0
Español,50,15022,1,5,0,Casado,Presencial,4,0,0
Mexicano,40,55680,0,4,1,Casado,Referido,2,1,1
Mexicano,35,67275,0,3,1,Casado,Presencial,4,1,0
Mexicano,37,62509,0,4,0,Divorciado,Presencial,4,1,0
Británico,47,58351,1,3,1,Casado,Presencial,4,0,1
Español,42,78245,3,10,0,Casado,Presencial,5,0,1
Estadounidense,34,44208,1,3,0,Casado,Presencial,1,0,0
Estadounidense,40,72898,2,5,1,Casado,Online,1,1,1
Estadounidense,42,22359,0,5,1,Casado,Online,1,0,0
Español,18,36901,1,5,1,Casado,Online,4,1,1
Argentino,47,18859,2,3,1,Divorciado,Presencial,2,1,1
Mexicano,30,49503,0,4,0,Divorciado,Telefónico,4,1,0
Mexicano,28,54074,2,3,0,Viudo,Telefónico,3,1,0
Mexicano,21,57282,2,5,0,Casado,Presencial,3,1,0
Argentino,20,56237,0,4,0,Viudo,Online,2,1,0
Español,25,36448,1,5,1,Divorciado,Presencial,5,0,0
Estadounidense,33,51195,2,6,1,Casado,Telefónico,4,1,1
Mexicano,65,25051,2,5,0,Casado,Telefónico,5,1,1
Mexicano,35,82264,0,5,0,Soltero,Referido,4,0,1
Británico,44,48927,2,5,1,Soltero,Presencial,2,1,1
Estadounidense,46,45222,1,7,0,Soltero,Online,2,1,1
Español,43,86778,0,4,1,Soltero,Presencial,5,1,1
Colombiano,41,30155,0,6,1,Casado,Online,4,0,0
Estadounidense,27,32488,2,7,0,Casado,Online,1,1,0
Mexicano,59,33075,1,5,0,Casado,Presencial,4,0,0
Mexicano,63,53642,1,4,1,Casado,Telefónico,3,1,1
Colombiano,21,63632,1,5,0,Divorciado,Online,3,0,0
Español,29,69793,1,3,0,Viudo,Telefónico,2,1,0
Argentino,38,106439,1,3,0,Casado,Presencial,5,0,1
Colombiano,30,15000,0,3,1,Casado,Referido,1,0,0
Mexicano,48,67174,3,4,1,Casado,Referido,3,0,1
Británico,33,43857,2,5,0,Soltero,Referido,3,0,1
Brasileño,67,43271,1,7,1,Soltero,Telefónico,2,1,0
Estadounidense,56,42604,2,4,1,Casado,Telefónico,4,1,1
Británico,44,36824,0,10,1,Viudo,Online,1,0,0
Colombiano,54,88690,2,14,0,Soltero,Presencial,3,0,1
Colombiano,55,71845,2,14,1,Soltero,Telefónico,5,0,1
Español,35,55463,2,7,1,Soltero,Telefónico,3,1,0
Brasileño,32,82020,3,5,0,Casado,Referido,3,0,0
Argentino,42,24749,3,3,0,Casado,Online,3,0,1
Mexicano,52,28385,0,5,0,Casado,Presencial,4,0,1
Estadounidense,43,15000,0,5,0,Soltero,Telefónico,5,0,0
Francés,23,41011,0,7,0,Casado,Referido,2,0,1
Mexicano,32,58233,0,14,1,Soltero,Presencial,5,0,1
Estadounidense,41,57057,3,5,1,Casado,Presencial,4,1,1
Canadiense,41,57986,3,4,0,Soltero,Online,4,1,0
Canadiense,65,26778,2,4,1,Casado,Presencial,1,0,0
Colombiano,25,71063,1,3,1,Casado,Presencial,1,1,1
Francés,48,59792,0,5,1,Casado,Presencial,4,0,1
Mexicano,59,69661,1,5,1,Casado,Referido,5,1,1
Mexicano,69,17144,0,7,0,Casado,Presencial,4,0,1
Mexicano,37,61229,4,5,1,Soltero,Online,2,1,1
Alemán,47,31244,3,10,1,Casado,Telefónico,1,1,1
Argentino,48,47053,4,6,1,Casado,Referido,4,0,1
Estadounidense,44,65687,2,7,1,Casado,Referido,4,1,1
Brasileño,40,56821,2,3,0,Casado,Online,2,0,0
Alemán,47,37969,1,7,0,Divorciado,Referido,1,1,1
Brasileño,18,55125,2,6,1,Casado,Presencial,3,0,1
Francés,50,24369,0,4,1,Soltero,Telefónico,4,0,1
Estadounidense,43,78005,0,4,1,Casado,Online,4,1,1
Español,39,50894,2,10,0,Soltero,Presencial,5,0,1
Canadiense,66,77370,2,3,1,Casado,Online,4,0,1
Brasileño,33,44469,3,5,1,Casado,Presencial,2,0,1
Español,37,44528,2,4,1,Soltero,Referido,4,1,1
Español,65,39716,1,6,0,Divorciado,Online,5,0,0
Argentino,32,72523,1,7,0,Casado,Online,5,0,1
Mexicano,35,40811,0,5,1,Casado,Presencial,5,1,1
Colombiano,40,67891,0,5,1,Soltero,Presencial,3,0,0
Británico,52,47350,0,14,1,Casado,Referido,4,0,0
Francés,44,15480,3,7,1,Divorciado,Telefónico,5,0,1
Mexicano,26,43593,2,10,1,Casado,Referido,4,0,1
Mexicano,35,31417,2,5,0,Viudo,Presencial,3,0,0
Mexicano,34,55678,2,4,0,Soltero,Presencial,5,1,0
Español,41,31191,0,5,0,Casado,Online,3,0,0
Brasileño,47,73519,0,6,0,Casado,Online,2,0,0
Mexicano,47,53178,1,3,1,Casado,Presencial,2,0,0
Canadiense,20,51448,1,4,1,Soltero,Telefónico,4,0,1
Brasileño,54,68117,2,3,0,Casado,Online,3,1,0
Español,45,74278,0,5,1,Casado,Presencial,1,0,1
Colombiano,58,54598,1,7,1,Casado,Presencial,4,0,1
Colombiano,47,39575,0,3,1,Casado,Online,4,0,1
Canadiense,55,19520,0,6,0,Casado,Telefónico,4,1,0
Estadounidense,47,41279,2,10,1,Casado,Online,2,0,1
Colombiano,58,42655,1,4,0,Soltero,Online,4,0,0
Argentino,48,57141,1,6,1,Casado,Presencial,1,1,0
Alemán,40,48097,2,14,1,Casado,Referido,3,0,1
Argentino,69,68758,3,14,0,Viudo,Referido,3,1,1
Español,52,42740,1,4,1,Soltero,Telefónico,5,1,1
Mexicano,48,53859,1,3,1,Casado,Presencial,3,0,0
Canadiense,26,78679,3,3,1,Casado,Online,1,1,1
Mexicano,26,61836,2,6,1,Soltero,Online,3,1,1
Mexicano,45,53799,1,6,0,Casado,Referido,3,1,1
Español,43,42961,2,6,0,Casado,Referido,5,1,1
Británico,34,42335,2,4,1,Soltero,Referido,5,0,1
Mexicano,43,37987,0,4,0,Casado,Presencial,2,0,0
Estadounidense,61,44179,1,5,1,Divorciado,Referido,2,1,1
Brasileño,50,70113,4,5,0,Viudo,Online,2,0,1
Mexicano,28,50562,1,6,0,Soltero,Telefónico,4,1,0
Colombiano,40,28004,1,5,1,Casado,Online,1,0,0
Español,32,90363,0,4,0,Casado,Presencial,2,1,1
Colombiano,37,61399,2,4,1,Casado,Online,4,0,0
Mexicano,37,26861,2,4,1,Casado,Presencial,2,0,1
Estadounidense,36,46163,0,4,1,Casado,Online,1,1,0
Brasileño,26,57217,1,3,1,Soltero,Referido,3,0,0
Colombiano,40,89091,1,4,0,Viudo,Presencial,3,0,0
Mexicano,35,32837,1,3,1,Divorciado,Presencial,4,0,1
Español,18,74520,4,4,1,Casado,Presencial,5,1,1
Mexicano,66,82989,1,6,1,Casado,Online,2,1,1
Español,55,42426,2,4,1,Casado,Referido,3,0,1
Mexicano,37,49449,2,6,1,Casado,Presencial,5,0,1
Británico,42,34273,1,6,1,Casado,Presencial,5,0,1
Estadounidense,27,50930,2,5,1,Divorciado,Referido,3,1,1
Estadounidense,62,54268,1,14,0,Soltero,Referido,4,0,1
Mexicano,64,68192,2,3,0,Casado,Presencial,1,0,0
Estadounidense,43,76803,1,6,1,Casado,Telefónico,4,0,1
Alemán,54,40038,1,14,0,Casado,Telefónico,5,1,1
Británico,44,15653,1,7,0,Casado,Telefónico,4,1,1
Estadounidense,25,54575,0,4,0,Casado,Online,3,1,1
Canadiense,37,60870,1,4,1,Divorciado,Referido,2,0,1
Español,43,59988,5,4,0,Casado,Presencial,4,1,1
Alemán,36,48466,3,6,1,Casado,Presencial,4,1,1
Colombiano,39,57495,4,6,0,Soltero,Online,4,0,1
Estadounidense,40,85308,1,4,1,Casado,Online,1,0,0
Estadounidense,41,62634,1,5,1,Casado,Referido,4,0,1
Argentino,42,47532,2,6,1,Casado,Online,4,1,0
Mexicano,29,44996,0,5,0,Soltero,Presencial,2,1,1
Colombiano,33,51602,1,7,1,Soltero,Online,2,1,0
Estadounidense,26,87734,0,7,1,Casado,Online,3,0,1
Brasileño,53,51333,1,3,1,Casado,Referido,4,0,1
Mexicano,18,54604,2,6,1,Casado,Online,4,1,1
Colombiano,55,45353,1,4,1,Casado,Online,5,0,1
Canadiense,58,76979,4,5,1,Casado,Telefónico,3,1,1
Argentino,38,94196,0,14,1,Casado,Telefónico,5,1,1
Mexicano,18,64012,1,10,1,Casado,Online,4,0,0
Colombiano,37,56655,2,5,1,Soltero,Presencial,3,0,0
Colombiano,41,55735,1,4,1,Casado,Referido,1,1,1
Colombiano,29,15000,1,4,1,Casado,Telefónico,3,0,0
Colombiano,35,69903,1,5,0,Casado,Telefónico,5,1,1
Argentino,60,57683,0,3,1,Divorciado,Referido,3,0,1
Brasileño,49,63566,2,5,1,Soltero,Telefónico,3,1,0
Estadounidense,30,40770,1,3,1,Divorciado,Telefónico,2,1,1
Brasileño,22,47310,2,4,0,Casado,Referido,5,1,1
Canadiense,38,46779,2,4,1,Casado,Presencial,3,0,1
Mexicano,39,75432,0,14,1,Divorciado,Online,3,1,0
Mexicano,47,47424,1,6,0,Divorciado,Online,3,0,1
Estadounidense,35,96653,1,4,1,Casado,Presencial,3,0,1
Brasileño,48,63617,2,3,0,Casado,Telefónico,3,0,0
Argentino,65,29486,0,5,1,Casado,Telefónico,4,0,0
Brasileño,51,52429,1,4,1,Casado,Telefónico,5,0,1
Canadiense,41,41966,1,5,0,Soltero,Referido,5,0,1
Canadiense,39,15000,2,7,0,Soltero,Presencial,4,1,1
Mexicano,37,86989,2,6,1,Divorciado,Telefónico,2,1,0
Estadounidense,56,69062,3,6,0,Soltero,Online,4,0,1
Canadiense,34,65664,1,5,1,Soltero,Presencial,2,1,0
Mexicano,42,58308,2,10,1,Casado,Presencial,2,0,0
Mexicano,42,27359,0,10,1,Soltero,Referido,5,0,1
Colombiano,35,45327,1,5,0,Casado,Online,5,1,0
Español,25,71835,2,4,1,Casado,Telefónico,4,0,0
Británico,45,33975,1,5,1,Casado,Online,5,1,1
Francés,41,15000,1,4,0,Casado,Presencial,5,0,0
Argentino,48,50457,0,6,0,Casado,Presencial,4,0,0
Estadounidense,35,52164,0,5,0,Casado,Online,4,0,1
Argentino,56,57711,1,3,1,Casado,Referido,4,1,1
Brasileño,31,69570,0,4,0,Casado,Presencial,2,1,1
Mexicano,62,67752,0,5,0,Casado,Referido,2,1,1
Estadounidense,21,60175,0,10,1,Divorciado,Referido,4,1,1
Brasileño,47,78910,3,5,1,Casado,Referido,3,0,1
Estadounidense,47,24620,0,6,1,Casado,Online,2,1,1
Colombiano,32,65091,1,4,1,Soltero,Referido,3,0,1
Colombiano,47,67530,1,5,0,Casado,Online,3,0,1
Mexicano,57,30208,2,5,1,Soltero,Presencial,5,1,1
Estadounidense,18,24942,2,6,0,Casado,Presencial,4,0,0
Estadounidense,48,40081,2,3,1,Divorciado,Referido,4,0,1
Mexicano,18,41769,0,5,1,Casado,Presencial,5,1,1
Mexicano,30,70068,1,4,0,Casado,Online,5,1,1
Brasileño,61,42709,1,4,1,Casado,Presencial,4,1,1
Estadounidense,35,37873,1,14,1,Casado,Presencial,5,0,1
Canadiense,27,42767,1,4,0,Casado,Presencial,3,0,1
Estadounidense,39,77372,0,4,1,Casado,Referido,2,1,1
Francés,66,55260,0,5,1,Soltero,Online,2,1,1
Estadounidense,20,51414,1,7,1,Divorciado,Referido,4,1,0
Estadounidense,29,52799,1,5,1,Soltero,Telefónico,4,1,1
Alemán,59,80841,0,6,1,Viudo,Referido,4,1,1
Brasileño,64,40016,1,7,0,Soltero,Online,4,0,0
Mexicano,40,81310,4,4,0,Casado,Online,1,1,0
Brasileño,27,59209,2,5,1,Soltero,Online,1,1,0
Canadiense,67,51791,1,5,0,Soltero,Online,4,1,0
Canadiense,61,105018,0,7,1,Casado,Telefónico,2,0,1
Mexicano,50,33887,1,3,0,Casado,Online,4,1,0
Mexicano,32,47926,1,4,0,Casado,Telefónico,4,1,1
Español,41,30351,1,6,0,Casado,Telefónico,4,1,0
Canadiense,40,74049,1,5,1,Casado,Presencial,3,1,1
Canadiense,45,88783,2,5,1,Casado,Telefónico,4,0,1
Español,59,88398,1,5,0,Casado,Presencial,5,0,1
Español,52,79478,0,4,1,Casado,Online,5,0,1
Mexicano,29,51047,2,5,0,Casado,Telefónico,5,0,1
Colombiano,58,47695,0,5,1,Soltero,Referido,4,1,1
Mexicano,45,21576,2,10,0,Casado,Presencial,2,0,0
Español,50,95717,2,4,1,Casado,Presencial,4,1,1
Argentino,59,64379,0,7,1,Casado,Presencial,5,0,0
Británico,28,45160,2,6,1,Soltero,Online,2,0,0
Mexicano,41,81561,0,3,0,Casado,Telefónico,3,0,1
Mexicano,35,35544,2,6,1,Casado,Telefónico,2,1,1
Estadounidense,23,63132,0,3,1,Casado,Telefónico,4,0,1
